-- phpMyAdmin SQL Dump
-- version 4.0.10deb1
-- http://www.phpmyadmin.net
--
-- Хост: localhost
-- Время создания: Ноя 26 2015 г., 02:03
-- Версия сервера: 5.5.46-0ubuntu0.14.04.2
-- Версия PHP: 5.5.9-1ubuntu4.14

SET SQL_MODE = "NO_AUTO_VALUE_ON_ZERO";
SET time_zone = "+00:00";


/*!40101 SET @OLD_CHARACTER_SET_CLIENT=@@CHARACTER_SET_CLIENT */;
/*!40101 SET @OLD_CHARACTER_SET_RESULTS=@@CHARACTER_SET_RESULTS */;
/*!40101 SET @OLD_COLLATION_CONNECTION=@@COLLATION_CONNECTION */;
/*!40101 SET NAMES utf8 */;

--
-- База данных: `csgo`
--

-- --------------------------------------------------------

--
-- Структура таблицы `bets`
--

CREATE TABLE IF NOT EXISTS `bets` (
  `id` int(10) unsigned NOT NULL AUTO_INCREMENT,
  `user_id` int(10) unsigned DEFAULT NULL,
  `game_id` int(10) unsigned DEFAULT NULL,
  `items` text COLLATE utf8_unicode_ci NOT NULL,
  `itemsCount` int(11) NOT NULL,
  `price` double(8,2) NOT NULL,
  `from` int(11) NOT NULL,
  `to` int(11) NOT NULL,
  `created_at` timestamp NOT NULL DEFAULT '0000-00-00 00:00:00',
  `updated_at` timestamp NOT NULL DEFAULT '0000-00-00 00:00:00',
  PRIMARY KEY (`id`),
  KEY `bets_user_id_foreign` (`user_id`),
  KEY `bets_game_id_foreign` (`game_id`)
) ENGINE=InnoDB  DEFAULT CHARSET=utf8 COLLATE=utf8_unicode_ci AUTO_INCREMENT=194 ;

--
-- Дамп данных таблицы `bets`
--

INSERT INTO `bets` (`id`, `user_id`, `game_id`, `items`, `itemsCount`, `price`, `from`, `to`, `created_at`, `updated_at`) VALUES
(8, 1, 3, '[{"id":"1","name":"\\u041a\\u0430\\u0440\\u0442\\u043e\\u0447\\u043a\\u0430 \\u043d\\u0430 315 \\u0440\\u0443\\u0431","img":"assets\\/img\\/tickets\\/card_1.png","price":"315"}]', 1, 315.00, 535501, 567000, '2015-11-19 23:56:03', '2015-11-19 23:56:03'),
(9, 1, 3, '[{"id":"1","name":"\\u041a\\u0430\\u0440\\u0442\\u043e\\u0447\\u043a\\u0430 \\u043d\\u0430 315 \\u0440\\u0443\\u0431","img":"assets\\/img\\/tickets\\/card_1.png","price":"315"}]', 1, 315.00, 567001, 598500, '2015-11-19 23:59:46', '2015-11-19 23:59:46'),
(10, 1, 3, '[{"id":"1","name":"\\u041a\\u0430\\u0440\\u0442\\u043e\\u0447\\u043a\\u0430 \\u043d\\u0430 315 \\u0440\\u0443\\u0431","img":"assets\\/img\\/tickets\\/card_1.png","price":"315"}]', 1, 315.00, 598501, 630000, '2015-11-20 00:06:06', '2015-11-20 00:06:06'),
(11, 1, 3, '[{"id":"1","name":"\\u041a\\u0430\\u0440\\u0442\\u043e\\u0447\\u043a\\u0430 \\u043d\\u0430 315 \\u0440\\u0443\\u0431","img":"assets\\/img\\/tickets\\/card_1.png","price":"315"}]', 1, 315.00, 630001, 661500, '2015-11-20 00:13:26', '2015-11-20 00:13:26'),
(12, 1, 3, '[{"id":"1","name":"\\u041a\\u0430\\u0440\\u0442\\u043e\\u0447\\u043a\\u0430 \\u043d\\u0430 315 \\u0440\\u0443\\u0431","img":"assets\\/img\\/tickets\\/card_1.png","price":"315"}]', 1, 315.00, 661501, 693000, '2015-11-20 00:14:24', '2015-11-20 00:14:24'),
(13, 1, 3, '[{"id":"1","name":"\\u041a\\u0430\\u0440\\u0442\\u043e\\u0447\\u043a\\u0430 \\u043d\\u0430 315 \\u0440\\u0443\\u0431","img":"assets\\/img\\/tickets\\/card_1.png","price":"315"}]', 1, 315.00, 693001, 724500, '2015-11-20 00:15:22', '2015-11-20 00:15:22'),
(14, 1, 3, '[{"id":"1","name":"\\u041a\\u0430\\u0440\\u0442\\u043e\\u0447\\u043a\\u0430 \\u043d\\u0430 315 \\u0440\\u0443\\u0431","img":"assets\\/img\\/tickets\\/card_1.png","price":"315"}]', 1, 315.00, 724501, 756000, '2015-11-20 00:18:51', '2015-11-20 00:18:51'),
(15, 1, 3, '[{"id":"1","name":"\\u041a\\u0430\\u0440\\u0442\\u043e\\u0447\\u043a\\u0430 \\u043d\\u0430 315 \\u0440\\u0443\\u0431","img":"assets\\/img\\/tickets\\/card_1.png","price":"315"}]', 1, 315.00, 756001, 787500, '2015-11-20 00:19:34', '2015-11-20 00:19:34'),
(16, 2, 3, '[{"id":"5","name":"\\u041a\\u0430\\u0440\\u0442\\u043e\\u0447\\u043a\\u0430 \\u043d\\u0430 6300 \\u0440\\u0443\\u0431","img":"assets\\/img\\/tickets\\/card_5.png","price":"6300"}]', 1, 6300.00, 787501, 1417500, '2015-11-20 00:23:47', '2015-11-20 00:23:47'),
(17, 1, 4, '[{"id":"1","name":"\\u041a\\u0430\\u0440\\u0442\\u043e\\u0447\\u043a\\u0430 \\u043d\\u0430 315 \\u0440\\u0443\\u0431","img":"assets\\/img\\/tickets\\/card_1.png","price":"315"}]', 1, 315.00, 1, 31500, '2015-11-20 00:29:49', '2015-11-20 00:29:49'),
(18, 1, 4, '[{"id":"1","name":"\\u041a\\u0430\\u0440\\u0442\\u043e\\u0447\\u043a\\u0430 \\u043d\\u0430 315 \\u0440\\u0443\\u0431","img":"assets\\/img\\/tickets\\/card_1.png","price":"315"}]', 1, 315.00, 31501, 63000, '2015-11-20 00:32:35', '2015-11-20 00:32:35'),
(19, 1, 4, '[{"id":"1","name":"\\u041a\\u0430\\u0440\\u0442\\u043e\\u0447\\u043a\\u0430 \\u043d\\u0430 315 \\u0440\\u0443\\u0431","img":"assets\\/img\\/tickets\\/card_1.png","price":"315"}]', 1, 315.00, 63001, 94500, '2015-11-20 00:41:43', '2015-11-20 00:41:43'),
(20, 1, 4, '[{"id":"1","name":"\\u041a\\u0430\\u0440\\u0442\\u043e\\u0447\\u043a\\u0430 \\u043d\\u0430 315 \\u0440\\u0443\\u0431","img":"assets\\/img\\/tickets\\/card_1.png","price":"315"}]', 1, 315.00, 94501, 126000, '2015-11-20 00:44:33', '2015-11-20 00:44:33'),
(21, 2, 4, '[{"id":"1","name":"\\u041a\\u0430\\u0440\\u0442\\u043e\\u0447\\u043a\\u0430 \\u043d\\u0430 315 \\u0440\\u0443\\u0431","img":"assets\\/img\\/tickets\\/card_1.png","price":"315"}]', 1, 315.00, 126001, 157500, '2015-11-20 00:44:48', '2015-11-20 00:44:48'),
(22, 2, 4, '[{"id":"1","name":"\\u041a\\u0430\\u0440\\u0442\\u043e\\u0447\\u043a\\u0430 \\u043d\\u0430 315 \\u0440\\u0443\\u0431","img":"assets\\/img\\/tickets\\/card_1.png","price":"315"}]', 1, 315.00, 157501, 189000, '2015-11-20 00:44:56', '2015-11-20 00:44:56'),
(23, 2, 4, '[{"id":"1","name":"\\u041a\\u0430\\u0440\\u0442\\u043e\\u0447\\u043a\\u0430 \\u043d\\u0430 315 \\u0440\\u0443\\u0431","img":"assets\\/img\\/tickets\\/card_1.png","price":"315"}]', 1, 315.00, 189001, 220500, '2015-11-20 00:44:58', '2015-11-20 00:44:58'),
(24, 2, 4, '[{"id":"5","name":"\\u041a\\u0430\\u0440\\u0442\\u043e\\u0447\\u043a\\u0430 \\u043d\\u0430 6300 \\u0440\\u0443\\u0431","img":"assets\\/img\\/tickets\\/card_5.png","price":"6300"}]', 1, 6300.00, 220501, 850500, '2015-11-20 00:45:14', '2015-11-20 00:45:14'),
(25, 1, 4, '[{"id":"5","name":"\\u041a\\u0430\\u0440\\u0442\\u043e\\u0447\\u043a\\u0430 \\u043d\\u0430 6300 \\u0440\\u0443\\u0431","img":"assets\\/img\\/tickets\\/card_5.png","price":"6300"}]', 1, 6300.00, 850501, 1480500, '2015-11-20 00:45:18', '2015-11-20 00:45:18'),
(26, 2, 4, '[{"id":"3","name":"\\u041a\\u0430\\u0440\\u0442\\u043e\\u0447\\u043a\\u0430 \\u043d\\u0430 1575 \\u0440\\u0443\\u0431","img":"assets\\/img\\/tickets\\/card_3.png","price":"1575"}]', 1, 1575.00, 1480501, 1638000, '2015-11-20 00:45:26', '2015-11-20 00:45:26'),
(27, 1, 4, '[{"id":"2","name":"\\u041a\\u0430\\u0440\\u0442\\u043e\\u0447\\u043a\\u0430 \\u043d\\u0430 630 \\u0440\\u0443\\u0431","img":"assets\\/img\\/tickets\\/card_2.png","price":"630"}]', 1, 630.00, 1638001, 1701000, '2015-11-20 00:45:37', '2015-11-20 00:45:37'),
(28, 1, 4, '[{"id":"3","name":"\\u041a\\u0430\\u0440\\u0442\\u043e\\u0447\\u043a\\u0430 \\u043d\\u0430 1575 \\u0440\\u0443\\u0431","img":"assets\\/img\\/tickets\\/card_3.png","price":"1575"}]', 1, 1575.00, 1701001, 1858500, '2015-11-20 00:45:38', '2015-11-20 00:45:38'),
(29, 2, 4, '[{"id":"1","name":"\\u041a\\u0430\\u0440\\u0442\\u043e\\u0447\\u043a\\u0430 \\u043d\\u0430 315 \\u0440\\u0443\\u0431","img":"assets\\/img\\/tickets\\/card_1.png","price":"315"}]', 1, 315.00, 1858501, 1890000, '2015-11-20 00:45:57', '2015-11-20 00:45:57'),
(30, 2, 4, '[{"id":"1","name":"\\u041a\\u0430\\u0440\\u0442\\u043e\\u0447\\u043a\\u0430 \\u043d\\u0430 315 \\u0440\\u0443\\u0431","img":"assets\\/img\\/tickets\\/card_1.png","price":"315"}]', 1, 315.00, 1890001, 1921500, '2015-11-20 00:45:59', '2015-11-20 00:45:59'),
(31, 2, 4, '[{"id":"1","name":"\\u041a\\u0430\\u0440\\u0442\\u043e\\u0447\\u043a\\u0430 \\u043d\\u0430 315 \\u0440\\u0443\\u0431","img":"assets\\/img\\/tickets\\/card_1.png","price":"315"}]', 1, 315.00, 1921501, 1953000, '2015-11-20 00:46:01', '2015-11-20 00:46:01'),
(32, 1, 5, '[{"name":"\\u0425\\u0440\\u043e\\u043c\\u0438\\u0440\\u043e\\u0432\\u0430\\u043d\\u043d\\u044b\\u0439 \\u043e\\u0440\\u0443\\u0436\\u0435\\u0439\\u043d\\u044b\\u0439 \\u043a\\u0435\\u0439\\u0441","market_hash_name":"Chroma Case","classid":"720268538","rarity":"","price":2.64}]', 1, 2.64, 0, 263, '2015-11-20 00:49:02', '2015-11-20 00:49:02'),
(33, 2, 5, '[{"id":"1","name":"\\u041a\\u0430\\u0440\\u0442\\u043e\\u0447\\u043a\\u0430 \\u043d\\u0430 315 \\u0440\\u0443\\u0431","img":"assets\\/img\\/tickets\\/card_1.png","price":"315"}]', 1, 315.00, 264, 31763, '2015-11-20 00:49:06', '2015-11-20 00:49:06'),
(34, 2, 5, '[{"id":"1","name":"\\u041a\\u0430\\u0440\\u0442\\u043e\\u0447\\u043a\\u0430 \\u043d\\u0430 315 \\u0440\\u0443\\u0431","img":"assets\\/img\\/tickets\\/card_1.png","price":"315"}]', 1, 315.00, 31764, 63263, '2015-11-20 00:49:21', '2015-11-20 00:49:21'),
(35, 1, 5, '[{"id":"3","name":"\\u041a\\u0430\\u0440\\u0442\\u043e\\u0447\\u043a\\u0430 \\u043d\\u0430 1575 \\u0440\\u0443\\u0431","img":"assets\\/img\\/tickets\\/card_3.png","price":"1575"}]', 1, 1575.00, 63264, 220763, '2015-11-20 00:49:24', '2015-11-20 00:49:24'),
(36, 2, 5, '[{"id":"2","name":"\\u041a\\u0430\\u0440\\u0442\\u043e\\u0447\\u043a\\u0430 \\u043d\\u0430 630 \\u0440\\u0443\\u0431","img":"assets\\/img\\/tickets\\/card_2.png","price":"630"}]', 1, 630.00, 220764, 283763, '2015-11-20 00:49:28', '2015-11-20 00:49:28'),
(37, 2, 6, '[{"id":"1","name":"\\u041a\\u0430\\u0440\\u0442\\u043e\\u0447\\u043a\\u0430 \\u043d\\u0430 315 \\u0440\\u0443\\u0431","img":"assets\\/img\\/tickets\\/card_1.png","price":"315"}]', 1, 315.00, 1, 31500, '2015-11-20 00:53:40', '2015-11-20 00:53:40'),
(38, 2, 6, '[{"id":"1","name":"\\u041a\\u0430\\u0440\\u0442\\u043e\\u0447\\u043a\\u0430 \\u043d\\u0430 315 \\u0440\\u0443\\u0431","img":"assets\\/img\\/tickets\\/card_1.png","price":"315"}]', 1, 315.00, 31501, 63000, '2015-11-20 00:53:41', '2015-11-20 00:53:41'),
(39, 2, 6, '[{"id":"1","name":"\\u041a\\u0430\\u0440\\u0442\\u043e\\u0447\\u043a\\u0430 \\u043d\\u0430 315 \\u0440\\u0443\\u0431","img":"assets\\/img\\/tickets\\/card_1.png","price":"315"}]', 1, 315.00, 63001, 94500, '2015-11-20 00:53:45', '2015-11-20 00:53:45'),
(40, 1, 6, '[{"id":"1","name":"\\u041a\\u0430\\u0440\\u0442\\u043e\\u0447\\u043a\\u0430 \\u043d\\u0430 315 \\u0440\\u0443\\u0431","img":"assets\\/img\\/tickets\\/card_1.png","price":"315"}]', 1, 315.00, 94501, 126000, '2015-11-20 00:54:32', '2015-11-20 00:54:32'),
(41, 1, 7, '[{"id":"1","name":"\\u041a\\u0430\\u0440\\u0442\\u043e\\u0447\\u043a\\u0430 \\u043d\\u0430 315 \\u0440\\u0443\\u0431","img":"assets\\/img\\/tickets\\/card_1.png","price":"315"}]', 1, 315.00, 1, 31500, '2015-11-20 00:57:42', '2015-11-20 00:57:42'),
(42, 2, 7, '[{"id":"2","name":"\\u041a\\u0430\\u0440\\u0442\\u043e\\u0447\\u043a\\u0430 \\u043d\\u0430 630 \\u0440\\u0443\\u0431","img":"assets\\/img\\/tickets\\/card_2.png","price":"630"}]', 1, 630.00, 31501, 94500, '2015-11-20 00:57:48', '2015-11-20 00:57:48'),
(43, 2, 7, '[{"id":"1","name":"\\u041a\\u0430\\u0440\\u0442\\u043e\\u0447\\u043a\\u0430 \\u043d\\u0430 315 \\u0440\\u0443\\u0431","img":"assets\\/img\\/tickets\\/card_1.png","price":"315"}]', 1, 315.00, 94501, 126000, '2015-11-20 00:57:52', '2015-11-20 00:57:52'),
(44, 1, 7, '[{"id":"2","name":"\\u041a\\u0430\\u0440\\u0442\\u043e\\u0447\\u043a\\u0430 \\u043d\\u0430 630 \\u0440\\u0443\\u0431","img":"assets\\/img\\/tickets\\/card_2.png","price":"630"}]', 1, 630.00, 126001, 189000, '2015-11-20 00:58:09', '2015-11-20 00:58:09'),
(45, 1, 8, '[{"id":"1","name":"\\u041a\\u0430\\u0440\\u0442\\u043e\\u0447\\u043a\\u0430 \\u043d\\u0430 315 \\u0440\\u0443\\u0431","img":"assets\\/img\\/tickets\\/card_1.png","price":"315"}]', 1, 315.00, 1, 31500, '2015-11-20 01:02:58', '2015-11-20 01:02:58'),
(46, 2, 8, '[{"id":"5","name":"\\u041a\\u0430\\u0440\\u0442\\u043e\\u0447\\u043a\\u0430 \\u043d\\u0430 6300 \\u0440\\u0443\\u0431","img":"assets\\/img\\/tickets\\/card_5.png","price":"6300"}]', 1, 6300.00, 31501, 661500, '2015-11-20 01:03:03', '2015-11-20 01:03:03'),
(47, 2, 8, '[{"id":"1","name":"\\u041a\\u0430\\u0440\\u0442\\u043e\\u0447\\u043a\\u0430 \\u043d\\u0430 315 \\u0440\\u0443\\u0431","img":"assets\\/img\\/tickets\\/card_1.png","price":"315"}]', 1, 315.00, 661501, 693000, '2015-11-20 01:03:08', '2015-11-20 01:03:08'),
(48, 1, 8, '[{"id":"3","name":"\\u041a\\u0430\\u0440\\u0442\\u043e\\u0447\\u043a\\u0430 \\u043d\\u0430 1575 \\u0440\\u0443\\u0431","img":"assets\\/img\\/tickets\\/card_3.png","price":"1575"}]', 1, 1575.00, 693001, 850500, '2015-11-20 01:03:09', '2015-11-20 01:03:09'),
(49, 1, 8, '[{"id":"4","name":"\\u041a\\u0430\\u0440\\u0442\\u043e\\u0447\\u043a\\u0430 \\u043d\\u0430 3150 \\u0440\\u0443\\u0431","img":"assets\\/img\\/tickets\\/card_4.png","price":"3150"}]', 1, 3150.00, 850501, 1165500, '2015-11-20 01:03:10', '2015-11-20 01:03:10'),
(50, 2, 8, '[{"id":"5","name":"\\u041a\\u0430\\u0440\\u0442\\u043e\\u0447\\u043a\\u0430 \\u043d\\u0430 6300 \\u0440\\u0443\\u0431","img":"assets\\/img\\/tickets\\/card_5.png","price":"6300"}]', 1, 6300.00, 1165501, 1795500, '2015-11-20 01:03:20', '2015-11-20 01:03:20'),
(51, 1, 8, '[{"id":"5","name":"\\u041a\\u0430\\u0440\\u0442\\u043e\\u0447\\u043a\\u0430 \\u043d\\u0430 6300 \\u0440\\u0443\\u0431","img":"assets\\/img\\/tickets\\/card_5.png","price":"6300"}]', 1, 6300.00, 1795501, 2425500, '2015-11-20 01:03:23', '2015-11-20 01:03:23'),
(52, 1, 9, '[{"id":"1","name":"\\u041a\\u0430\\u0440\\u0442\\u043e\\u0447\\u043a\\u0430 \\u043d\\u0430 315 \\u0440\\u0443\\u0431","img":"assets\\/img\\/tickets\\/card_1.png","price":"315"}]', 1, 315.00, 1, 31500, '2015-11-20 01:11:25', '2015-11-20 01:11:25'),
(53, 2, 9, '[{"id":"1","name":"\\u041a\\u0430\\u0440\\u0442\\u043e\\u0447\\u043a\\u0430 \\u043d\\u0430 315 \\u0440\\u0443\\u0431","img":"assets\\/img\\/tickets\\/card_1.png","price":"315"}]', 1, 315.00, 31501, 63000, '2015-11-20 01:18:40', '2015-11-20 01:18:40'),
(54, 2, 9, '[{"id":"1","name":"\\u041a\\u0430\\u0440\\u0442\\u043e\\u0447\\u043a\\u0430 \\u043d\\u0430 315 \\u0440\\u0443\\u0431","img":"assets\\/img\\/tickets\\/card_1.png","price":"315"}]', 1, 315.00, 63001, 94500, '2015-11-20 01:18:41', '2015-11-20 01:18:41'),
(55, 1, 9, '[{"id":"2","name":"\\u041a\\u0430\\u0440\\u0442\\u043e\\u0447\\u043a\\u0430 \\u043d\\u0430 630 \\u0440\\u0443\\u0431","img":"assets\\/img\\/tickets\\/card_2.png","price":"630"}]', 1, 630.00, 94501, 157500, '2015-11-20 01:20:07', '2015-11-20 01:20:07'),
(56, 1, 9, '[{"id":"3","name":"\\u041a\\u0430\\u0440\\u0442\\u043e\\u0447\\u043a\\u0430 \\u043d\\u0430 1575 \\u0440\\u0443\\u0431","img":"assets\\/img\\/tickets\\/card_3.png","price":"1575"}]', 1, 1575.00, 157501, 315000, '2015-11-20 01:20:15', '2015-11-20 01:20:15'),
(57, 1, 9, '[{"id":"4","name":"\\u041a\\u0430\\u0440\\u0442\\u043e\\u0447\\u043a\\u0430 \\u043d\\u0430 3150 \\u0440\\u0443\\u0431","img":"assets\\/img\\/tickets\\/card_4.png","price":"3150"}]', 1, 3150.00, 315001, 630000, '2015-11-20 01:20:17', '2015-11-20 01:20:17'),
(58, 1, 9, '[{"id":"5","name":"\\u041a\\u0430\\u0440\\u0442\\u043e\\u0447\\u043a\\u0430 \\u043d\\u0430 6300 \\u0440\\u0443\\u0431","img":"assets\\/img\\/tickets\\/card_5.png","price":"6300"}]', 1, 6300.00, 630001, 1260000, '2015-11-20 01:20:18', '2015-11-20 01:20:18'),
(59, 2, 9, '[{"id":"1","name":"\\u041a\\u0430\\u0440\\u0442\\u043e\\u0447\\u043a\\u0430 \\u043d\\u0430 315 \\u0440\\u0443\\u0431","img":"assets\\/img\\/tickets\\/card_1.png","price":"315"}]', 1, 315.00, 1260001, 1291500, '2015-11-20 01:20:23', '2015-11-20 01:20:23'),
(60, 2, 10, '[{"id":"1","name":"\\u041a\\u0430\\u0440\\u0442\\u043e\\u0447\\u043a\\u0430 \\u043d\\u0430 10 \\u0440\\u0443\\u0431","img":"assets\\/img\\/tickets\\/card_1.png","price":"10"}]', 1, 10.00, 1, 1000, '2015-11-20 01:25:45', '2015-11-20 01:25:45'),
(61, 1, 10, '[{"id":"4","name":"\\u041a\\u0430\\u0440\\u0442\\u043e\\u0447\\u043a\\u0430 \\u043d\\u0430 120 \\u0440\\u0443\\u0431","img":"assets\\/img\\/tickets\\/card_4.png","price":"120"}]', 1, 120.00, 1001, 13000, '2015-11-20 01:26:14', '2015-11-20 01:26:14'),
(62, 2, 10, '[{"id":"4","name":"\\u041a\\u0430\\u0440\\u0442\\u043e\\u0447\\u043a\\u0430 \\u043d\\u0430 120 \\u0440\\u0443\\u0431","img":"assets\\/img\\/tickets\\/card_4.png","price":"120"}]', 1, 120.00, 13001, 25000, '2015-11-20 01:26:28', '2015-11-20 01:26:28'),
(63, 1, 10, '[{"id":"3","name":"\\u041a\\u0430\\u0440\\u0442\\u043e\\u0447\\u043a\\u0430 \\u043d\\u0430 60 \\u0440\\u0443\\u0431","img":"assets\\/img\\/tickets\\/card_3.png","price":"60"}]', 1, 60.00, 25001, 31000, '2015-11-20 01:27:33', '2015-11-20 01:27:33'),
(64, 2, 10, '[{"id":"1","name":"\\u041a\\u0430\\u0440\\u0442\\u043e\\u0447\\u043a\\u0430 \\u043d\\u0430 10 \\u0440\\u0443\\u0431","img":"assets\\/img\\/tickets\\/card_1.png","price":"10"}]', 1, 10.00, 31001, 32000, '2015-11-20 01:27:37', '2015-11-20 01:27:37'),
(65, 1, 11, '[{"name":"\\u041e\\u0440\\u0443\\u0436\\u0435\\u0439\\u043d\\u044b\\u0439 \\u043a\\u0435\\u0439\\u0441 \\u043e\\u043f\\u0435\\u0440\\u0430\\u0446\\u0438\\u0438 \\u00ab\\u041f\\u0440\\u043e\\u0440\\u044b\\u0432\\u00bb","market_hash_name":"Operation Breakout Weapon Case","classid":"520025252","rarity":"","price":1.98}]', 1, 1.98, 0, 197, '2015-11-20 01:36:16', '2015-11-20 01:36:16'),
(66, 1, 11, '[{"name":"\\u041e\\u0440\\u0443\\u0436\\u0435\\u0439\\u043d\\u044b\\u0439 \\u043a\\u0435\\u0439\\u0441 \\u043e\\u043f\\u0435\\u0440\\u0430\\u0446\\u0438\\u0438 \\u00ab\\u041f\\u0440\\u043e\\u0440\\u044b\\u0432\\u00bb","market_hash_name":"Operation Breakout Weapon Case","classid":"520025252","rarity":"","price":"1.98"},{"name":"\\u041e\\u0440\\u0443\\u0436\\u0435\\u0439\\u043d\\u044b\\u0439 \\u043a\\u0435\\u0439\\u0441 \\u043e\\u043f\\u0435\\u0440\\u0430\\u0446\\u0438\\u0438 \\u00ab\\u041f\\u0440\\u043e\\u0440\\u044b\\u0432\\u00bb","market_hash_name":"Operation Breakout Weapon Case","classid":"520025252","rarity":"","price":"1.98"}]', 2, 3.96, 198, 593, '2015-11-20 01:37:27', '2015-11-20 01:37:27'),
(67, 1, 11, '[{"name":"\\u041a\\u0435\\u0439\\u0441 \\u00ab\\u0424\\u0430\\u043b\\u044c\\u0448\\u0438\\u043e\\u043d\\u00bb","market_hash_name":"Falchion Case","classid":"991959905","rarity":"","price":2.64},{"name":"\\u041a\\u0435\\u0439\\u0441 \\u00ab\\u0424\\u0430\\u043b\\u044c\\u0448\\u0438\\u043e\\u043d\\u00bb","market_hash_name":"Falchion Case","classid":"991959905","rarity":"","price":"2.64"},{"name":"\\u041a\\u0435\\u0439\\u0441 \\u00ab\\u0424\\u0430\\u043b\\u044c\\u0448\\u0438\\u043e\\u043d\\u00bb","market_hash_name":"Falchion Case","classid":"991959905","rarity":"","price":"2.64"},{"name":"\\u041a\\u0435\\u0439\\u0441 \\u00ab\\u0424\\u0430\\u043b\\u044c\\u0448\\u0438\\u043e\\u043d\\u00bb","market_hash_name":"Falchion Case","classid":"991959905","rarity":"","price":"2.64"},{"name":"\\u041e\\u0440\\u0443\\u0436\\u0435\\u0439\\u043d\\u044b\\u0439 \\u043a\\u0435\\u0439\\u0441 \\u043e\\u043f\\u0435\\u0440\\u0430\\u0446\\u0438\\u0438 \\u00ab\\u0424\\u0435\\u043d\\u0438\\u043a\\u0441\\u00bb","market_hash_name":"Operation Phoenix Weapon Case","classid":"384801319","rarity":"","price":2.64}]', 5, 13.20, 594, 1913, '2015-11-20 01:42:10', '2015-11-20 01:42:10'),
(68, 2, 11, '[{"id":"1","name":"\\u041a\\u0430\\u0440\\u0442\\u043e\\u0447\\u043a\\u0430 \\u043d\\u0430 10 \\u0440\\u0443\\u0431","img":"assets\\/img\\/tickets\\/card_1.png","price":"10"}]', 1, 10.00, 1914, 2913, '2015-11-20 01:55:42', '2015-11-20 01:55:42'),
(69, 2, 11, '[{"id":"1","name":"\\u041a\\u0430\\u0440\\u0442\\u043e\\u0447\\u043a\\u0430 \\u043d\\u0430 10 \\u0440\\u0443\\u0431","img":"assets\\/img\\/tickets\\/card_1.png","price":"10"}]', 1, 10.00, 2914, 3913, '2015-11-20 01:55:45', '2015-11-20 01:55:45'),
(70, 1, 12, '[{"id":"1","name":"\\u041a\\u0430\\u0440\\u0442\\u043e\\u0447\\u043a\\u0430 \\u043d\\u0430 10 \\u0440\\u0443\\u0431","img":"assets\\/img\\/tickets\\/card_1.png","price":"10"}]', 1, 10.00, 1, 1000, '2015-11-20 02:28:23', '2015-11-20 02:28:23'),
(71, 1, 12, '[{"id":"1","name":"\\u041a\\u0430\\u0440\\u0442\\u043e\\u0447\\u043a\\u0430 \\u043d\\u0430 10 \\u0440\\u0443\\u0431","img":"assets\\/img\\/tickets\\/card_1.png","price":"10"}]', 1, 10.00, 1001, 2000, '2015-11-20 02:45:48', '2015-11-20 02:45:48'),
(72, 1, 12, '[{"name":"\\u041e\\u0440\\u0443\\u0436\\u0435\\u0439\\u043d\\u044b\\u0439 \\u043a\\u0435\\u0439\\u0441 \\u043e\\u043f\\u0435\\u0440\\u0430\\u0446\\u0438\\u0438 \\u00ab\\u041f\\u0440\\u043e\\u0440\\u044b\\u0432\\u00bb","market_hash_name":"Operation Breakout Weapon Case","classid":"520025252","rarity":"","price":"1.98"},{"name":"\\u041a\\u0435\\u0439\\u0441 \\u00ab\\u0424\\u0430\\u043b\\u044c\\u0448\\u0438\\u043e\\u043d\\u00bb","market_hash_name":"Falchion Case","classid":"991959905","rarity":"","price":"2.64"}]', 2, 4.62, 2001, 2462, '2015-11-20 04:04:24', '2015-11-20 04:04:24'),
(73, 6, 12, '[{"id":"1","name":"\\u041a\\u0430\\u0440\\u0442\\u043e\\u0447\\u043a\\u0430 \\u043d\\u0430 10 \\u0440\\u0443\\u0431","img":"assets\\/img\\/tickets\\/card_1.png","price":"10"}]', 1, 10.00, 2463, 3462, '2015-11-20 04:08:39', '2015-11-20 04:08:39'),
(74, 6, 12, '[{"id":"1","name":"\\u041a\\u0430\\u0440\\u0442\\u043e\\u0447\\u043a\\u0430 \\u043d\\u0430 10 \\u0440\\u0443\\u0431","img":"assets\\/img\\/tickets\\/card_1.png","price":"10"}]', 1, 10.00, 3463, 4462, '2015-11-20 04:10:22', '2015-11-20 04:10:22'),
(75, 6, 13, '[{"id":"1","name":"\\u041a\\u0430\\u0440\\u0442\\u043e\\u0447\\u043a\\u0430 \\u043d\\u0430 10 \\u0440\\u0443\\u0431","img":"assets\\/img\\/tickets\\/card_1.png","price":"10"}]', 1, 10.00, 1, 1000, '2015-11-20 05:01:44', '2015-11-20 05:01:44'),
(76, 1, 13, '[{"id":"1","name":"\\u041a\\u0430\\u0440\\u0442\\u043e\\u0447\\u043a\\u0430 \\u043d\\u0430 10 \\u0440\\u0443\\u0431","img":"assets\\/img\\/tickets\\/card_1.png","price":"10"}]', 1, 10.00, 1001, 2000, '2015-11-20 05:01:56', '2015-11-20 05:01:56'),
(77, 1, 14, '[{"id":"1","name":"\\u041a\\u0430\\u0440\\u0442\\u043e\\u0447\\u043a\\u0430 \\u043d\\u0430 10 \\u0440\\u0443\\u0431","img":"assets\\/img\\/tickets\\/card_1.png","price":"10"}]', 1, 10.00, 1, 1000, '2015-11-20 05:08:41', '2015-11-20 05:08:41'),
(78, 1, 14, '[{"id":"2","name":"\\u041a\\u0430\\u0440\\u0442\\u043e\\u0447\\u043a\\u0430 \\u043d\\u0430 30 \\u0440\\u0443\\u0431","img":"assets\\/img\\/tickets\\/card_2.png","price":"30"}]', 1, 30.00, 1001, 4000, '2015-11-20 05:12:01', '2015-11-20 05:12:01'),
(79, 6, 14, '[{"id":"2","name":"\\u041a\\u0430\\u0440\\u0442\\u043e\\u0447\\u043a\\u0430 \\u043d\\u0430 30 \\u0440\\u0443\\u0431","img":"assets\\/img\\/tickets\\/card_2.png","price":"30"}]', 1, 30.00, 4001, 7000, '2015-11-20 05:30:37', '2015-11-20 05:30:37'),
(80, 6, 14, '[{"id":"3","name":"\\u041a\\u0430\\u0440\\u0442\\u043e\\u0447\\u043a\\u0430 \\u043d\\u0430 60 \\u0440\\u0443\\u0431","img":"assets\\/img\\/tickets\\/card_3.png","price":"60"}]', 1, 60.00, 7001, 13000, '2015-11-20 05:30:38', '2015-11-20 05:30:38'),
(81, 1, 15, '[{"id":"1","name":"\\u041a\\u0430\\u0440\\u0442\\u043e\\u0447\\u043a\\u0430 \\u043d\\u0430 10 \\u0440\\u0443\\u0431","img":"assets\\/img\\/tickets\\/card_1.png","price":"10"}]', 1, 10.00, 1, 1000, '2015-11-20 05:33:28', '2015-11-20 05:33:28'),
(82, 6, 15, '[{"id":"1","name":"\\u041a\\u0430\\u0440\\u0442\\u043e\\u0447\\u043a\\u0430 \\u043d\\u0430 10 \\u0440\\u0443\\u0431","img":"assets\\/img\\/tickets\\/card_1.png","price":"10"}]', 1, 10.00, 1001, 2000, '2015-11-20 09:17:32', '2015-11-20 09:17:32'),
(83, 2, 16, '[{"id":"1","name":"\\u041a\\u0430\\u0440\\u0442\\u043e\\u0447\\u043a\\u0430 \\u043d\\u0430 10 \\u0440\\u0443\\u0431","img":"assets\\/img\\/tickets\\/card_1.png","price":"10"}]', 1, 10.00, 1, 1000, '2015-11-20 10:22:19', '2015-11-20 10:22:19'),
(84, 2, 16, '[{"id":"1","name":"\\u041a\\u0430\\u0440\\u0442\\u043e\\u0447\\u043a\\u0430 \\u043d\\u0430 10 \\u0440\\u0443\\u0431","img":"assets\\/img\\/tickets\\/card_1.png","price":"10"}]', 1, 10.00, 1001, 2000, '2015-11-20 10:22:20', '2015-11-20 10:22:20'),
(85, 2, 16, '[{"id":"1","name":"\\u041a\\u0430\\u0440\\u0442\\u043e\\u0447\\u043a\\u0430 \\u043d\\u0430 10 \\u0440\\u0443\\u0431","img":"assets\\/img\\/tickets\\/card_1.png","price":"10"}]', 1, 10.00, 2001, 3000, '2015-11-20 13:46:09', '2015-11-20 13:46:09'),
(86, 2, 16, '[{"id":"1","name":"\\u041a\\u0430\\u0440\\u0442\\u043e\\u0447\\u043a\\u0430 \\u043d\\u0430 10 \\u0440\\u0443\\u0431","img":"assets\\/img\\/tickets\\/card_1.png","price":"10"}]', 1, 10.00, 3001, 4000, '2015-11-20 13:46:12', '2015-11-20 13:46:12'),
(87, 2, 16, '[{"id":"1","name":"\\u041a\\u0430\\u0440\\u0442\\u043e\\u0447\\u043a\\u0430 \\u043d\\u0430 10 \\u0440\\u0443\\u0431","img":"assets\\/img\\/tickets\\/card_1.png","price":"10"}]', 1, 10.00, 4001, 5000, '2015-11-20 13:46:13', '2015-11-20 13:46:13'),
(88, 2, 16, '[{"id":"1","name":"\\u041a\\u0430\\u0440\\u0442\\u043e\\u0447\\u043a\\u0430 \\u043d\\u0430 10 \\u0440\\u0443\\u0431","img":"assets\\/img\\/tickets\\/card_1.png","price":"10"}]', 1, 10.00, 5001, 6000, '2015-11-20 13:46:14', '2015-11-20 13:46:14'),
(89, 2, 16, '[{"id":"1","name":"\\u041a\\u0430\\u0440\\u0442\\u043e\\u0447\\u043a\\u0430 \\u043d\\u0430 10 \\u0440\\u0443\\u0431","img":"assets\\/img\\/tickets\\/card_1.png","price":"10"}]', 1, 10.00, 6001, 7000, '2015-11-20 13:46:15', '2015-11-20 13:46:15'),
(90, 2, 16, '[{"id":"1","name":"\\u041a\\u0430\\u0440\\u0442\\u043e\\u0447\\u043a\\u0430 \\u043d\\u0430 10 \\u0440\\u0443\\u0431","img":"assets\\/img\\/tickets\\/card_1.png","price":"10"}]', 1, 10.00, 7001, 8000, '2015-11-20 13:46:16', '2015-11-20 13:46:16'),
(91, 2, 16, '[{"id":"1","name":"\\u041a\\u0430\\u0440\\u0442\\u043e\\u0447\\u043a\\u0430 \\u043d\\u0430 10 \\u0440\\u0443\\u0431","img":"assets\\/img\\/tickets\\/card_1.png","price":"10"}]', 1, 10.00, 8001, 9000, '2015-11-20 13:46:17', '2015-11-20 13:46:17'),
(92, 2, 16, '[{"id":"1","name":"\\u041a\\u0430\\u0440\\u0442\\u043e\\u0447\\u043a\\u0430 \\u043d\\u0430 10 \\u0440\\u0443\\u0431","img":"assets\\/img\\/tickets\\/card_1.png","price":"10"}]', 1, 10.00, 9001, 10000, '2015-11-20 13:46:18', '2015-11-20 13:46:18'),
(93, 6, 16, '[{"id":"2","name":"\\u041a\\u0430\\u0440\\u0442\\u043e\\u0447\\u043a\\u0430 \\u043d\\u0430 30 \\u0440\\u0443\\u0431","img":"assets\\/img\\/tickets\\/card_2.png","price":"30","color":"green"}]', 1, 30.00, 10001, 13000, '2015-11-20 20:26:51', '2015-11-20 20:26:51'),
(94, 6, 16, '[{"id":"2","name":"\\u041a\\u0430\\u0440\\u0442\\u043e\\u0447\\u043a\\u0430 \\u043d\\u0430 30 \\u0440\\u0443\\u0431","img":"assets\\/img\\/tickets\\/card_2.png","price":"30","color":"green"}]', 1, 30.00, 13001, 16000, '2015-11-20 20:27:04', '2015-11-20 20:27:04'),
(95, 6, 16, '[{"id":"1","name":"\\u041a\\u0430\\u0440\\u0442\\u043e\\u0447\\u043a\\u0430 \\u043d\\u0430 10 \\u0440\\u0443\\u0431","img":"assets\\/img\\/tickets\\/card_1.png","price":"10","color":"blue"}]', 1, 10.00, 16001, 17000, '2015-11-20 20:27:07', '2015-11-20 20:27:07'),
(96, 6, 16, '[{"id":"3","name":"\\u041a\\u0430\\u0440\\u0442\\u043e\\u0447\\u043a\\u0430 \\u043d\\u0430 60 \\u0440\\u0443\\u0431","img":"assets\\/img\\/tickets\\/card_3.png","price":"60","color":"purple"}]', 1, 60.00, 17001, 23000, '2015-11-20 20:27:08', '2015-11-20 20:27:08'),
(97, 6, 16, '[{"id":"1","name":"\\u041a\\u0430\\u0440\\u0442\\u043e\\u0447\\u043a\\u0430 \\u043d\\u0430 10 \\u0440\\u0443\\u0431","img":"assets\\/img\\/tickets\\/card_1.png","price":"10","color":"blue"}]', 1, 10.00, 23001, 24000, '2015-11-20 20:28:09', '2015-11-20 20:28:09'),
(98, 6, 17, '[{"id":"2","name":"\\u041a\\u0430\\u0440\\u0442\\u043e\\u0447\\u043a\\u0430 \\u043d\\u0430 30 \\u0440\\u0443\\u0431","img":"assets\\/img\\/tickets\\/card_2.png","price":"30","color":"green"}]', 1, 30.00, 1, 3000, '2015-11-20 20:33:07', '2015-11-20 20:33:07'),
(99, 6, 17, '[{"id":"2","name":"\\u041a\\u0430\\u0440\\u0442\\u043e\\u0447\\u043a\\u0430 \\u043d\\u0430 30 \\u0440\\u0443\\u0431","img":"assets\\/img\\/tickets\\/card_2.png","price":"30","color":"green"}]', 1, 30.00, 3001, 6000, '2015-11-20 20:34:15', '2015-11-20 20:34:15'),
(100, 6, 17, '[{"id":"1","name":"\\u041a\\u0430\\u0440\\u0442\\u043e\\u0447\\u043a\\u0430 \\u043d\\u0430 10 \\u0440\\u0443\\u0431","img":"assets\\/img\\/tickets\\/card_1.png","price":"10","color":"blue"}]', 1, 10.00, 6001, 7000, '2015-11-20 20:43:51', '2015-11-20 20:43:51'),
(101, 6, 17, '[{"id":"5","name":"\\u041a\\u0430\\u0440\\u0442\\u043e\\u0447\\u043a\\u0430 \\u043d\\u0430 240 \\u0440\\u0443\\u0431","img":"assets\\/img\\/tickets\\/card_5.png","price":"240","color":"blue2"}]', 1, 240.00, 7001, 31000, '2015-11-20 20:43:55', '2015-11-20 20:43:55'),
(102, 1, 17, '[{"name":"\\u041e\\u0440\\u0443\\u0436\\u0435\\u0439\\u043d\\u044b\\u0439 \\u043a\\u0435\\u0439\\u0441 \\u043e\\u043f\\u0435\\u0440\\u0430\\u0446\\u0438\\u0438 \\u00ab\\u0424\\u0435\\u043d\\u0438\\u043a\\u0441\\u00bb","market_hash_name":"Operation Phoenix Weapon Case","classid":"384801319","rarity":"","price":2.64},{"name":"\\u041e\\u0440\\u0443\\u0436\\u0435\\u0439\\u043d\\u044b\\u0439 \\u043a\\u0435\\u0439\\u0441 \\u043e\\u043f\\u0435\\u0440\\u0430\\u0446\\u0438\\u0438 \\u00ab\\u041f\\u0440\\u043e\\u0440\\u044b\\u0432\\u00bb","market_hash_name":"Operation Breakout Weapon Case","classid":"520025252","rarity":"","price":1.98},{"name":"\\u041e\\u0440\\u0443\\u0436\\u0435\\u0439\\u043d\\u044b\\u0439 \\u043a\\u0435\\u0439\\u0441 \\u043e\\u043f\\u0435\\u0440\\u0430\\u0446\\u0438\\u0438 \\u00ab\\u041f\\u0440\\u043e\\u0440\\u044b\\u0432\\u00bb","market_hash_name":"Operation Breakout Weapon Case","classid":"520025252","rarity":"","price":1.98}]', 3, 6.60, 31001, 31660, '2015-11-20 20:44:56', '2015-11-20 20:44:56'),
(103, 6, 18, '[{"id":"1","name":"\\u041a\\u0430\\u0440\\u0442\\u043e\\u0447\\u043a\\u0430 \\u043d\\u0430 10 \\u0440\\u0443\\u0431","img":"assets\\/img\\/tickets\\/card_1.png","price":"10","color":"blue"}]', 1, 10.00, 1, 1000, '2015-11-20 20:50:23', '2015-11-20 20:50:23'),
(104, 6, 18, '[{"id":"2","name":"\\u041a\\u0430\\u0440\\u0442\\u043e\\u0447\\u043a\\u0430 \\u043d\\u0430 30 \\u0440\\u0443\\u0431","img":"assets\\/img\\/tickets\\/card_2.png","price":"30","color":"green"}]', 1, 30.00, 1001, 4000, '2015-11-20 20:50:25', '2015-11-20 20:50:25'),
(105, 6, 18, '[{"id":"3","name":"\\u041a\\u0430\\u0440\\u0442\\u043e\\u0447\\u043a\\u0430 \\u043d\\u0430 60 \\u0440\\u0443\\u0431","img":"assets\\/img\\/tickets\\/card_3.png","price":"60","color":"purple"}]', 1, 60.00, 4001, 10000, '2015-11-20 20:50:26', '2015-11-20 20:50:26'),
(106, 6, 18, '[{"id":"4","name":"\\u041a\\u0430\\u0440\\u0442\\u043e\\u0447\\u043a\\u0430 \\u043d\\u0430 120 \\u0440\\u0443\\u0431","img":"assets\\/img\\/tickets\\/card_4.png","price":"120","color":"red"}]', 1, 120.00, 10001, 22000, '2015-11-20 20:50:27', '2015-11-20 20:50:27'),
(107, 6, 18, '[{"id":"5","name":"\\u041a\\u0430\\u0440\\u0442\\u043e\\u0447\\u043a\\u0430 \\u043d\\u0430 240 \\u0440\\u0443\\u0431","img":"assets\\/img\\/tickets\\/card_5.png","price":"240","color":"blue2"}]', 1, 240.00, 22001, 46000, '2015-11-20 20:50:28', '2015-11-20 20:50:28'),
(108, 1, 18, '[{"id":"2","name":"\\u041a\\u0430\\u0440\\u0442\\u043e\\u0447\\u043a\\u0430 \\u043d\\u0430 30 \\u0440\\u0443\\u0431","img":"assets\\/img\\/tickets\\/card_2.png","price":"30","color":"green"}]', 1, 30.00, 1, 3000, '2015-11-24 05:37:09', '2015-11-24 05:37:09'),
(109, 1, 18, '[{"id":"3","name":"\\u041a\\u0430\\u0440\\u0442\\u043e\\u0447\\u043a\\u0430 \\u043d\\u0430 60 \\u0440\\u0443\\u0431","img":"assets\\/img\\/tickets\\/card_3.png","price":"60","color":"purple"}]', 1, 60.00, 3001, 9000, '2015-11-24 05:37:10', '2015-11-24 05:37:10'),
(110, 1, 18, '[{"id":"5","name":"\\u041a\\u0430\\u0440\\u0442\\u043e\\u0447\\u043a\\u0430 \\u043d\\u0430 240 \\u0440\\u0443\\u0431","img":"assets\\/img\\/tickets\\/card_5.png","price":"240","color":"blue2"}]', 1, 240.00, 9001, 33000, '2015-11-24 05:37:11', '2015-11-24 05:37:11'),
(111, 1, 18, '[{"id":"5","name":"\\u041a\\u0430\\u0440\\u0442\\u043e\\u0447\\u043a\\u0430 \\u043d\\u0430 240 \\u0440\\u0443\\u0431","img":"assets\\/img\\/tickets\\/card_5.png","price":"240","color":"blue2"}]', 1, 240.00, 33001, 57000, '2015-11-24 05:37:12', '2015-11-24 05:37:12'),
(112, 1, 18, '[{"id":"5","name":"\\u041a\\u0430\\u0440\\u0442\\u043e\\u0447\\u043a\\u0430 \\u043d\\u0430 240 \\u0440\\u0443\\u0431","img":"assets\\/img\\/tickets\\/card_5.png","price":"240","color":"blue2"}]', 1, 240.00, 57001, 81000, '2015-11-24 05:37:13', '2015-11-24 05:37:13'),
(113, 1, 18, '[{"id":"5","name":"\\u041a\\u0430\\u0440\\u0442\\u043e\\u0447\\u043a\\u0430 \\u043d\\u0430 240 \\u0440\\u0443\\u0431","img":"assets\\/img\\/tickets\\/card_5.png","price":"240","color":"blue2"}]', 1, 240.00, 81001, 105000, '2015-11-24 05:37:14', '2015-11-24 05:37:14'),
(114, 1, 18, '[{"id":"5","name":"\\u041a\\u0430\\u0440\\u0442\\u043e\\u0447\\u043a\\u0430 \\u043d\\u0430 240 \\u0440\\u0443\\u0431","img":"assets\\/img\\/tickets\\/card_5.png","price":"240","color":"blue2"}]', 1, 240.00, 105001, 129000, '2015-11-24 05:37:15', '2015-11-24 05:37:15'),
(115, 1, 18, '[{"id":"5","name":"\\u041a\\u0430\\u0440\\u0442\\u043e\\u0447\\u043a\\u0430 \\u043d\\u0430 240 \\u0440\\u0443\\u0431","img":"assets\\/img\\/tickets\\/card_5.png","price":"240","color":"blue2"}]', 1, 240.00, 129001, 153000, '2015-11-24 05:37:16', '2015-11-24 05:37:16'),
(116, 1, 18, '[{"id":"5","name":"\\u041a\\u0430\\u0440\\u0442\\u043e\\u0447\\u043a\\u0430 \\u043d\\u0430 240 \\u0440\\u0443\\u0431","img":"assets\\/img\\/tickets\\/card_5.png","price":"240","color":"blue2"}]', 1, 240.00, 153001, 177000, '2015-11-24 05:37:17', '2015-11-24 05:37:17'),
(117, 1, 18, '[{"id":"5","name":"\\u041a\\u0430\\u0440\\u0442\\u043e\\u0447\\u043a\\u0430 \\u043d\\u0430 240 \\u0440\\u0443\\u0431","img":"assets\\/img\\/tickets\\/card_5.png","price":"240","color":"blue2"}]', 1, 240.00, 177001, 201000, '2015-11-24 05:37:18', '2015-11-24 05:37:18'),
(118, 1, 18, '[{"id":"5","name":"\\u041a\\u0430\\u0440\\u0442\\u043e\\u0447\\u043a\\u0430 \\u043d\\u0430 240 \\u0440\\u0443\\u0431","img":"assets\\/img\\/tickets\\/card_5.png","price":"240","color":"blue2"}]', 1, 240.00, 201001, 225000, '2015-11-24 05:37:19', '2015-11-24 05:37:19'),
(119, 1, 18, '[{"id":"5","name":"\\u041a\\u0430\\u0440\\u0442\\u043e\\u0447\\u043a\\u0430 \\u043d\\u0430 240 \\u0440\\u0443\\u0431","img":"assets\\/img\\/tickets\\/card_5.png","price":"240","color":"blue2"}]', 1, 240.00, 225001, 249000, '2015-11-24 05:37:20', '2015-11-24 05:37:20'),
(120, 1, 18, '[{"id":"5","name":"\\u041a\\u0430\\u0440\\u0442\\u043e\\u0447\\u043a\\u0430 \\u043d\\u0430 240 \\u0440\\u0443\\u0431","img":"assets\\/img\\/tickets\\/card_5.png","price":"240","color":"blue2"}]', 1, 240.00, 249001, 273000, '2015-11-24 05:37:21', '2015-11-24 05:37:21'),
(121, 1, 18, '[{"id":"5","name":"\\u041a\\u0430\\u0440\\u0442\\u043e\\u0447\\u043a\\u0430 \\u043d\\u0430 240 \\u0440\\u0443\\u0431","img":"assets\\/img\\/tickets\\/card_5.png","price":"240","color":"blue2"}]', 1, 240.00, 273001, 297000, '2015-11-24 05:37:22', '2015-11-24 05:37:22'),
(122, 1, 18, '[{"id":"5","name":"\\u041a\\u0430\\u0440\\u0442\\u043e\\u0447\\u043a\\u0430 \\u043d\\u0430 240 \\u0440\\u0443\\u0431","img":"assets\\/img\\/tickets\\/card_5.png","price":"240","color":"blue2"}]', 1, 240.00, 297001, 321000, '2015-11-24 05:37:23', '2015-11-24 05:37:23'),
(123, 1, 18, '[{"id":"5","name":"\\u041a\\u0430\\u0440\\u0442\\u043e\\u0447\\u043a\\u0430 \\u043d\\u0430 240 \\u0440\\u0443\\u0431","img":"assets\\/img\\/tickets\\/card_5.png","price":"240","color":"blue2"}]', 1, 240.00, 321001, 345000, '2015-11-24 05:37:24', '2015-11-24 05:37:24'),
(124, 1, 18, '[{"id":"5","name":"\\u041a\\u0430\\u0440\\u0442\\u043e\\u0447\\u043a\\u0430 \\u043d\\u0430 240 \\u0440\\u0443\\u0431","img":"assets\\/img\\/tickets\\/card_5.png","price":"240","color":"blue2"}]', 1, 240.00, 345001, 369000, '2015-11-24 05:37:25', '2015-11-24 05:37:25'),
(125, 1, 18, '[{"id":"5","name":"\\u041a\\u0430\\u0440\\u0442\\u043e\\u0447\\u043a\\u0430 \\u043d\\u0430 240 \\u0440\\u0443\\u0431","img":"assets\\/img\\/tickets\\/card_5.png","price":"240","color":"blue2"}]', 1, 240.00, 369001, 393000, '2015-11-24 05:37:26', '2015-11-24 05:37:26'),
(126, 1, 18, '[{"id":"5","name":"\\u041a\\u0430\\u0440\\u0442\\u043e\\u0447\\u043a\\u0430 \\u043d\\u0430 240 \\u0440\\u0443\\u0431","img":"assets\\/img\\/tickets\\/card_5.png","price":"240","color":"blue2"}]', 1, 240.00, 393001, 417000, '2015-11-24 05:37:27', '2015-11-24 05:37:27'),
(127, 1, 18, '[{"id":"5","name":"\\u041a\\u0430\\u0440\\u0442\\u043e\\u0447\\u043a\\u0430 \\u043d\\u0430 240 \\u0440\\u0443\\u0431","img":"assets\\/img\\/tickets\\/card_5.png","price":"240","color":"blue2"}]', 1, 240.00, 417001, 441000, '2015-11-24 05:37:28', '2015-11-24 05:37:28'),
(128, 1, 19, '[{"id":"1","name":"\\u041a\\u0430\\u0440\\u0442\\u043e\\u0447\\u043a\\u0430 \\u043d\\u0430 10 \\u0440\\u0443\\u0431","img":"assets\\/img\\/tickets\\/card_1.png","price":"10","color":"blue"}]', 1, 10.00, 1, 1000, '2015-11-24 05:48:56', '2015-11-24 05:48:56'),
(129, 1, 19, '[{"id":"2","name":"\\u041a\\u0430\\u0440\\u0442\\u043e\\u0447\\u043a\\u0430 \\u043d\\u0430 30 \\u0440\\u0443\\u0431","img":"assets\\/img\\/tickets\\/card_2.png","price":"30","color":"green"}]', 1, 30.00, 1001, 4000, '2015-11-24 05:48:58', '2015-11-24 05:48:58'),
(130, 1, 19, '[{"id":"3","name":"\\u041a\\u0430\\u0440\\u0442\\u043e\\u0447\\u043a\\u0430 \\u043d\\u0430 60 \\u0440\\u0443\\u0431","img":"assets\\/img\\/tickets\\/card_3.png","price":"60","color":"purple"}]', 1, 60.00, 4001, 10000, '2015-11-24 05:48:59', '2015-11-24 05:48:59'),
(131, 1, 19, '[{"id":"4","name":"\\u041a\\u0430\\u0440\\u0442\\u043e\\u0447\\u043a\\u0430 \\u043d\\u0430 120 \\u0440\\u0443\\u0431","img":"assets\\/img\\/tickets\\/card_4.png","price":"120","color":"red"}]', 1, 120.00, 10001, 22000, '2015-11-24 05:49:00', '2015-11-24 05:49:00'),
(132, 1, 19, '[{"id":"5","name":"\\u041a\\u0430\\u0440\\u0442\\u043e\\u0447\\u043a\\u0430 \\u043d\\u0430 240 \\u0440\\u0443\\u0431","img":"assets\\/img\\/tickets\\/card_5.png","price":"240","color":"blue2"}]', 1, 240.00, 22001, 46000, '2015-11-24 05:49:01', '2015-11-24 05:49:01'),
(133, 6, 19, '[{"id":"1","name":"\\u041a\\u0430\\u0440\\u0442\\u043e\\u0447\\u043a\\u0430 \\u043d\\u0430 10 \\u0440\\u0443\\u0431","img":"assets\\/img\\/tickets\\/card_1.png","price":"10","color":"blue"}]', 1, 10.00, 46001, 47000, '2015-11-24 05:49:30', '2015-11-24 05:49:30'),
(134, 6, 19, '[{"id":"2","name":"\\u041a\\u0430\\u0440\\u0442\\u043e\\u0447\\u043a\\u0430 \\u043d\\u0430 30 \\u0440\\u0443\\u0431","img":"assets\\/img\\/tickets\\/card_2.png","price":"30","color":"green"}]', 1, 30.00, 47001, 50000, '2015-11-24 05:49:31', '2015-11-24 05:49:31'),
(135, 6, 19, '[{"id":"3","name":"\\u041a\\u0430\\u0440\\u0442\\u043e\\u0447\\u043a\\u0430 \\u043d\\u0430 60 \\u0440\\u0443\\u0431","img":"assets\\/img\\/tickets\\/card_3.png","price":"60","color":"purple"}]', 1, 60.00, 50001, 56000, '2015-11-24 05:49:33', '2015-11-24 05:49:33'),
(136, 6, 19, '[{"id":"4","name":"\\u041a\\u0430\\u0440\\u0442\\u043e\\u0447\\u043a\\u0430 \\u043d\\u0430 120 \\u0440\\u0443\\u0431","img":"assets\\/img\\/tickets\\/card_4.png","price":"120","color":"red"}]', 1, 120.00, 56001, 68000, '2015-11-24 05:49:34', '2015-11-24 05:49:34'),
(137, 6, 19, '[{"id":"5","name":"\\u041a\\u0430\\u0440\\u0442\\u043e\\u0447\\u043a\\u0430 \\u043d\\u0430 240 \\u0440\\u0443\\u0431","img":"assets\\/img\\/tickets\\/card_5.png","price":"240","color":"blue2"}]', 1, 240.00, 68001, 92000, '2015-11-24 05:49:35', '2015-11-24 05:49:35'),
(138, 1, 20, '[{"id":"2","name":"\\u041a\\u0430\\u0440\\u0442\\u043e\\u0447\\u043a\\u0430 \\u043d\\u0430 30 \\u0440\\u0443\\u0431","img":"assets\\/img\\/tickets\\/card_2.png","price":"30","color":"green"}]', 1, 30.00, 1, 3000, '2015-11-24 06:01:01', '2015-11-24 06:01:01'),
(139, 1, 20, '[{"id":"1","name":"\\u041a\\u0430\\u0440\\u0442\\u043e\\u0447\\u043a\\u0430 \\u043d\\u0430 10 \\u0440\\u0443\\u0431","img":"assets\\/img\\/tickets\\/card_1.png","price":"10","color":"blue"}]', 1, 10.00, 3001, 4000, '2015-11-24 06:07:29', '2015-11-24 06:07:29'),
(140, 1, 20, '[{"id":"3","name":"\\u041a\\u0430\\u0440\\u0442\\u043e\\u0447\\u043a\\u0430 \\u043d\\u0430 60 \\u0440\\u0443\\u0431","img":"assets\\/img\\/tickets\\/card_3.png","price":"60","color":"purple"}]', 1, 60.00, 4001, 10000, '2015-11-24 06:07:30', '2015-11-24 06:07:30'),
(141, 1, 20, '[{"id":"4","name":"\\u041a\\u0430\\u0440\\u0442\\u043e\\u0447\\u043a\\u0430 \\u043d\\u0430 120 \\u0440\\u0443\\u0431","img":"assets\\/img\\/tickets\\/card_4.png","price":"120","color":"red"}]', 1, 120.00, 10001, 22000, '2015-11-24 06:07:31', '2015-11-24 06:07:31'),
(142, 1, 20, '[{"id":"5","name":"\\u041a\\u0430\\u0440\\u0442\\u043e\\u0447\\u043a\\u0430 \\u043d\\u0430 240 \\u0440\\u0443\\u0431","img":"assets\\/img\\/tickets\\/card_5.png","price":"240","color":"blue2"}]', 1, 240.00, 22001, 46000, '2015-11-24 06:07:32', '2015-11-24 06:07:32'),
(143, 1, 20, '[{"id":"1","name":"\\u041a\\u0430\\u0440\\u0442\\u043e\\u0447\\u043a\\u0430 \\u043d\\u0430 10 \\u0440\\u0443\\u0431","img":"assets\\/img\\/tickets\\/card_1.png","price":"10","color":"blue"}]', 1, 10.00, 46001, 47000, '2015-11-24 06:09:49', '2015-11-24 06:09:49'),
(144, 13, 20, '[{"name":"\\u041e\\u0431\\u043c\\u0435\\u043d\\u043d\\u0438\\u043a StatTrak\\u2122","market_hash_name":"StatTrak\\u2122 Swap Tool","classid":"914869806","rarity":"","price":6.6},{"name":"MP7 | \\u0411\\u0440\\u043e\\u043d\\u044f (\\u041f\\u0440\\u044f\\u043c\\u043e \\u0441 \\u0437\\u0430\\u0432\\u043e\\u0434\\u0430)","market_hash_name":"MP7 | Armor Core (Factory New)","classid":"937251962","rarity":"milspec","price":3.96}]', 2, 10.56, 47001, 48056, '2015-11-24 09:20:17', '2015-11-24 09:20:17'),
(145, 13, 20, '[{"id":"5","name":"\\u041a\\u0430\\u0440\\u0442\\u043e\\u0447\\u043a\\u0430 \\u043d\\u0430 240 \\u0440\\u0443\\u0431","img":"assets\\/img\\/tickets\\/card_5.png","price":"240","color":"blue2"}]', 1, 240.00, 48057, 72056, '2015-11-24 09:21:19', '2015-11-24 09:21:19'),
(146, 13, 21, '[{"id":"1","name":"\\u041a\\u0430\\u0440\\u0442\\u043e\\u0447\\u043a\\u0430 \\u043d\\u0430 10 \\u0440\\u0443\\u0431","img":"assets\\/img\\/tickets\\/card_1.png","price":"10","color":"blue"}]', 1, 10.00, 1, 1000, '2015-11-24 09:41:21', '2015-11-24 09:41:21'),
(147, 1, 21, '[{"id":"1","name":"\\u041a\\u0430\\u0440\\u0442\\u043e\\u0447\\u043a\\u0430 \\u043d\\u0430 10 \\u0440\\u0443\\u0431","img":"assets\\/img\\/tickets\\/card_1.png","price":"10","color":"blue"}]', 1, 10.00, 1001, 2000, '2015-11-24 11:06:50', '2015-11-24 11:06:50'),
(148, 1, 21, '[{"id":"1","name":"\\u041a\\u0430\\u0440\\u0442\\u043e\\u0447\\u043a\\u0430 \\u043d\\u0430 10 \\u0440\\u0443\\u0431","img":"assets\\/img\\/tickets\\/card_1.png","price":"10","color":"blue"}]', 1, 10.00, 2001, 3000, '2015-11-24 11:07:04', '2015-11-24 11:07:04'),
(149, 1, 22, '[{"id":"1","name":"\\u041a\\u0430\\u0440\\u0442\\u043e\\u0447\\u043a\\u0430 \\u043d\\u0430 10 \\u0440\\u0443\\u0431","img":"assets\\/img\\/tickets\\/card_1.png","price":"10","color":"blue"}]', 1, 10.00, 1, 1000, '2015-11-24 12:47:32', '2015-11-24 12:47:32'),
(150, 4, 22, '[{"name":"\\u041e\\u0440\\u0443\\u0436\\u0435\\u0439\\u043d\\u044b\\u0439 \\u043a\\u0435\\u0439\\u0441 \\u043e\\u043f\\u0435\\u0440\\u0430\\u0446\\u0438\\u0438 \\u00ab\\u041f\\u0440\\u043e\\u0440\\u044b\\u0432\\u00bb","market_hash_name":"Operation Breakout Weapon Case","classid":"520025252","rarity":"","price":1.98}]', 1, 1.98, 1001, 1198, '2015-11-24 15:20:39', '2015-11-24 15:20:39'),
(151, 1, 23, '[{"id":"1","name":"\\u041a\\u0430\\u0440\\u0442\\u043e\\u0447\\u043a\\u0430 \\u043d\\u0430 10 \\u0440\\u0443\\u0431","img":"assets\\/img\\/tickets\\/card_1.png","price":"10","color":"blue"}]', 1, 10.00, 1, 1000, '2015-11-24 18:12:22', '2015-11-24 18:12:22'),
(152, 1, 23, '[{"id":"3","name":"\\u041a\\u0430\\u0440\\u0442\\u043e\\u0447\\u043a\\u0430 \\u043d\\u0430 60 \\u0440\\u0443\\u0431","img":"assets\\/img\\/tickets\\/card_3.png","price":"60","color":"purple"}]', 1, 60.00, 1001, 7000, '2015-11-24 19:16:17', '2015-11-24 19:16:17'),
(153, 1, 23, '[{"id":"4","name":"\\u041a\\u0430\\u0440\\u0442\\u043e\\u0447\\u043a\\u0430 \\u043d\\u0430 120 \\u0440\\u0443\\u0431","img":"assets\\/img\\/tickets\\/card_4.png","price":"120","color":"red"}]', 1, 120.00, 7001, 19000, '2015-11-24 19:16:18', '2015-11-24 19:16:18'),
(154, 1, 23, '[{"id":"5","name":"\\u041a\\u0430\\u0440\\u0442\\u043e\\u0447\\u043a\\u0430 \\u043d\\u0430 240 \\u0440\\u0443\\u0431","img":"assets\\/img\\/tickets\\/card_5.png","price":"240","color":"blue2"}]', 1, 240.00, 19001, 43000, '2015-11-24 19:16:20', '2015-11-24 19:16:20'),
(155, 1, 23, '[{"id":"2","name":"\\u041a\\u0430\\u0440\\u0442\\u043e\\u0447\\u043a\\u0430 \\u043d\\u0430 30 \\u0440\\u0443\\u0431","img":"assets\\/img\\/tickets\\/card_2.png","price":"30","color":"green"}]', 1, 30.00, 43001, 46000, '2015-11-24 19:16:21', '2015-11-24 19:16:21'),
(156, 19, 23, '[{"name":"\\u041f\\u041f-19 \\u0411\\u0438\\u0437\\u043e\\u043d | \\u041f\\u0435\\u0441\\u0447\\u0430\\u043d\\u0430\\u044f \\u0448\\u0442\\u0440\\u0438\\u0445\\u043e\\u0432\\u043a\\u0430 (\\u041f\\u043e\\u0441\\u043b\\u0435 \\u043f\\u043e\\u043b\\u0435\\u0432\\u044b\\u0445 \\u0438\\u0441\\u043f\\u044b\\u0442\\u0430\\u043d\\u0438\\u0439)","market_hash_name":"PP-Bizon | Sand Dashed (Field-Tested)","classid":"310776558","rarity":"common","price":1.98}]', 1, 1.98, 46001, 46198, '2015-11-24 19:24:31', '2015-11-24 19:24:31'),
(157, 1, 23, '[{"id":"1","name":"\\u041a\\u0430\\u0440\\u0442\\u043e\\u0447\\u043a\\u0430 \\u043d\\u0430 10 \\u0440\\u0443\\u0431","img":"assets\\/img\\/tickets\\/card_1.png","price":"10","color":"blue"}]', 1, 10.00, 46199, 47198, '2015-11-24 19:25:55', '2015-11-24 19:25:55'),
(158, 1, 24, '[{"id":"1","name":"\\u041a\\u0430\\u0440\\u0442\\u043e\\u0447\\u043a\\u0430 \\u043d\\u0430 10 \\u0440\\u0443\\u0431","img":"assets\\/img\\/tickets\\/card_1.png","price":"10","color":"blue"}]', 1, 10.00, 1, 1000, '2015-11-25 03:14:42', '2015-11-25 03:14:42'),
(159, 1, 24, '[{"id":"4","name":"\\u041a\\u0430\\u0440\\u0442\\u043e\\u0447\\u043a\\u0430 \\u043d\\u0430 120 \\u0440\\u0443\\u0431","img":"assets\\/img\\/tickets\\/card_4.png","price":"120","color":"red"}]', 1, 120.00, 1001, 13000, '2015-11-25 03:14:45', '2015-11-25 03:14:45'),
(160, 1, 24, '[{"id":"3","name":"\\u041a\\u0430\\u0440\\u0442\\u043e\\u0447\\u043a\\u0430 \\u043d\\u0430 60 \\u0440\\u0443\\u0431","img":"assets\\/img\\/tickets\\/card_3.png","price":"60","color":"purple"}]', 1, 60.00, 13001, 19000, '2015-11-25 03:14:46', '2015-11-25 03:14:46'),
(161, 1, 24, '[{"id":"1","name":"\\u041a\\u0430\\u0440\\u0442\\u043e\\u0447\\u043a\\u0430 \\u043d\\u0430 10 \\u0440\\u0443\\u0431","img":"assets\\/img\\/tickets\\/card_1.png","price":"10","color":"blue"}]', 1, 10.00, 19001, 20000, '2015-11-25 13:58:17', '2015-11-25 13:58:17'),
(162, 1, 24, '[{"id":"1","name":"\\u041a\\u0430\\u0440\\u0442\\u043e\\u0447\\u043a\\u0430 \\u043d\\u0430 10 \\u0440\\u0443\\u0431","img":"assets\\/img\\/tickets\\/card_1.png","price":"10","color":"blue"}]', 1, 10.00, 20001, 21000, '2015-11-25 14:55:50', '2015-11-25 14:55:50'),
(163, 1, 24, '[{"id":"1","name":"\\u041a\\u0430\\u0440\\u0442\\u043e\\u0447\\u043a\\u0430 \\u043d\\u0430 10 \\u0440\\u0443\\u0431","img":"assets\\/img\\/tickets\\/card_1.png","price":"10","color":"blue"}]', 1, 10.00, 21001, 22000, '2015-11-25 14:57:05', '2015-11-25 14:57:05'),
(164, 6, 24, '[{"id":"1","name":"\\u041a\\u0430\\u0440\\u0442\\u043e\\u0447\\u043a\\u0430 \\u043d\\u0430 10 \\u0440\\u0443\\u0431","img":"assets\\/img\\/tickets\\/card_1.png","price":"10","color":"blue"}]', 1, 10.00, 22001, 23000, '2015-11-25 14:57:53', '2015-11-25 14:57:53'),
(165, 6, 24, '[{"id":"2","name":"\\u041a\\u0430\\u0440\\u0442\\u043e\\u0447\\u043a\\u0430 \\u043d\\u0430 30 \\u0440\\u0443\\u0431","img":"assets\\/img\\/tickets\\/card_2.png","price":"30","color":"green"}]', 1, 30.00, 23001, 26000, '2015-11-25 14:57:57', '2015-11-25 14:57:57'),
(166, 6, 24, '[{"id":"3","name":"\\u041a\\u0430\\u0440\\u0442\\u043e\\u0447\\u043a\\u0430 \\u043d\\u0430 60 \\u0440\\u0443\\u0431","img":"assets\\/img\\/tickets\\/card_3.png","price":"60","color":"purple"}]', 1, 60.00, 26001, 32000, '2015-11-25 14:57:58', '2015-11-25 14:57:58'),
(167, 6, 24, '[{"id":"1","name":"\\u041a\\u0430\\u0440\\u0442\\u043e\\u0447\\u043a\\u0430 \\u043d\\u0430 10 \\u0440\\u0443\\u0431","img":"assets\\/img\\/tickets\\/card_1.png","price":"10","color":"blue"}]', 1, 10.00, 32001, 33000, '2015-11-25 14:57:59', '2015-11-25 14:57:59'),
(168, 6, 24, '[{"id":"1","name":"\\u041a\\u0430\\u0440\\u0442\\u043e\\u0447\\u043a\\u0430 \\u043d\\u0430 10 \\u0440\\u0443\\u0431","img":"assets\\/img\\/tickets\\/card_1.png","price":"10","color":"blue"}]', 1, 10.00, 33001, 34000, '2015-11-25 14:58:40', '2015-11-25 14:58:40'),
(169, 6, 25, '[{"id":"1","name":"\\u041a\\u0430\\u0440\\u0442\\u043e\\u0447\\u043a\\u0430 \\u043d\\u0430 10 \\u0440\\u0443\\u0431","img":"assets\\/img\\/tickets\\/card_1.png","price":"10","color":"blue"}]', 1, 10.00, 1, 1000, '2015-11-25 15:08:30', '2015-11-25 15:08:30'),
(170, 6, 25, '[{"id":"1","name":"\\u041a\\u0430\\u0440\\u0442\\u043e\\u0447\\u043a\\u0430 \\u043d\\u0430 10 \\u0440\\u0443\\u0431","img":"assets\\/img\\/tickets\\/card_1.png","price":"10","color":"blue"}]', 1, 10.00, 1001, 2000, '2015-11-25 15:12:09', '2015-11-25 15:12:09'),
(171, 6, 25, '[{"id":"1","name":"\\u041a\\u0430\\u0440\\u0442\\u043e\\u0447\\u043a\\u0430 \\u043d\\u0430 10 \\u0440\\u0443\\u0431","img":"assets\\/img\\/tickets\\/card_1.png","price":"10","color":"blue"}]', 1, 10.00, 2001, 3000, '2015-11-25 15:12:36', '2015-11-25 15:12:36'),
(172, 6, 25, '[{"id":"1","name":"\\u041a\\u0430\\u0440\\u0442\\u043e\\u0447\\u043a\\u0430 \\u043d\\u0430 10 \\u0440\\u0443\\u0431","img":"assets\\/img\\/tickets\\/card_1.png","price":"10","color":"blue"}]', 1, 10.00, 3001, 4000, '2015-11-25 15:12:39', '2015-11-25 15:12:39'),
(173, 6, 25, '[{"id":"4","name":"\\u041a\\u0430\\u0440\\u0442\\u043e\\u0447\\u043a\\u0430 \\u043d\\u0430 120 \\u0440\\u0443\\u0431","img":"assets\\/img\\/tickets\\/card_4.png","price":"120","color":"red"}]', 1, 120.00, 4001, 16000, '2015-11-25 15:12:48', '2015-11-25 15:12:48'),
(174, 6, 25, '[{"id":"5","name":"\\u041a\\u0430\\u0440\\u0442\\u043e\\u0447\\u043a\\u0430 \\u043d\\u0430 240 \\u0440\\u0443\\u0431","img":"assets\\/img\\/tickets\\/card_5.png","price":"240","color":"blue2"}]', 1, 240.00, 16001, 40000, '2015-11-25 15:13:18', '2015-11-25 15:13:18'),
(175, 6, 25, '[{"id":"1","name":"\\u041a\\u0430\\u0440\\u0442\\u043e\\u0447\\u043a\\u0430 \\u043d\\u0430 10 \\u0440\\u0443\\u0431","img":"assets\\/img\\/tickets\\/card_1.png","price":"10","color":"blue"}]', 1, 10.00, 40001, 41000, '2015-11-25 15:13:37', '2015-11-25 15:13:37'),
(176, 6, 25, '[{"id":"2","name":"\\u041a\\u0430\\u0440\\u0442\\u043e\\u0447\\u043a\\u0430 \\u043d\\u0430 30 \\u0440\\u0443\\u0431","img":"assets\\/img\\/tickets\\/card_2.png","price":"30","color":"green"}]', 1, 30.00, 41001, 44000, '2015-11-25 15:14:07', '2015-11-25 15:14:07'),
(177, 6, 25, '[{"id":"1","name":"\\u041a\\u0430\\u0440\\u0442\\u043e\\u0447\\u043a\\u0430 \\u043d\\u0430 10 \\u0440\\u0443\\u0431","img":"assets\\/img\\/tickets\\/card_1.png","price":"10","color":"blue"}]', 1, 10.00, 44001, 45000, '2015-11-25 15:15:04', '2015-11-25 15:15:04'),
(178, 6, 25, '[{"id":"2","name":"\\u041a\\u0430\\u0440\\u0442\\u043e\\u0447\\u043a\\u0430 \\u043d\\u0430 30 \\u0440\\u0443\\u0431","img":"assets\\/img\\/tickets\\/card_2.png","price":"30","color":"green"}]', 1, 30.00, 45001, 48000, '2015-11-25 15:15:15', '2015-11-25 15:15:15'),
(179, 6, 25, '[{"id":"1","name":"\\u041a\\u0430\\u0440\\u0442\\u043e\\u0447\\u043a\\u0430 \\u043d\\u0430 10 \\u0440\\u0443\\u0431","img":"assets\\/img\\/tickets\\/card_1.png","price":"10","color":"blue"}]', 1, 10.00, 48001, 49000, '2015-11-25 15:16:34', '2015-11-25 15:16:34');
INSERT INTO `bets` (`id`, `user_id`, `game_id`, `items`, `itemsCount`, `price`, `from`, `to`, `created_at`, `updated_at`) VALUES
(180, 6, 25, '[{"id":"1","name":"\\u041a\\u0430\\u0440\\u0442\\u043e\\u0447\\u043a\\u0430 \\u043d\\u0430 10 \\u0440\\u0443\\u0431","img":"assets\\/img\\/tickets\\/card_1.png","price":"10","color":"blue"}]', 1, 10.00, 49001, 50000, '2015-11-25 15:16:42', '2015-11-25 15:16:42'),
(181, 6, 25, '[{"id":"3","name":"\\u041a\\u0430\\u0440\\u0442\\u043e\\u0447\\u043a\\u0430 \\u043d\\u0430 60 \\u0440\\u0443\\u0431","img":"assets\\/img\\/tickets\\/card_3.png","price":"60","color":"purple"}]', 1, 60.00, 50001, 56000, '2015-11-25 15:16:46', '2015-11-25 15:16:46'),
(182, 6, 25, '[{"id":"1","name":"\\u041a\\u0430\\u0440\\u0442\\u043e\\u0447\\u043a\\u0430 \\u043d\\u0430 10 \\u0440\\u0443\\u0431","img":"assets\\/img\\/tickets\\/card_1.png","price":"10","color":"blue"}]', 1, 10.00, 56001, 57000, '2015-11-25 15:19:31', '2015-11-25 15:19:31'),
(183, 6, 25, '[{"id":"1","name":"\\u041a\\u0430\\u0440\\u0442\\u043e\\u0447\\u043a\\u0430 \\u043d\\u0430 10 \\u0440\\u0443\\u0431","img":"assets\\/img\\/tickets\\/card_1.png","price":"10","color":"blue"}]', 1, 10.00, 57001, 58000, '2015-11-25 15:22:20', '2015-11-25 15:22:20'),
(184, 1, 25, '[{"id":"2","name":"\\u041a\\u0430\\u0440\\u0442\\u043e\\u0447\\u043a\\u0430 \\u043d\\u0430 30 \\u0440\\u0443\\u0431","img":"assets\\/img\\/tickets\\/card_2.png","price":"30","color":"green"}]', 1, 30.00, 58001, 61000, '2015-11-25 15:44:54', '2015-11-25 15:44:54'),
(185, 1, 25, '[{"id":"1","name":"\\u041a\\u0430\\u0440\\u0442\\u043e\\u0447\\u043a\\u0430 \\u043d\\u0430 10 \\u0440\\u0443\\u0431","img":"assets\\/img\\/tickets\\/card_1.png","price":"10","color":"blue"}]', 1, 10.00, 61001, 62000, '2015-11-25 15:45:37', '2015-11-25 15:45:37'),
(186, 1, 25, '[{"id":"1","name":"\\u041a\\u0430\\u0440\\u0442\\u043e\\u0447\\u043a\\u0430 \\u043d\\u0430 10 \\u0440\\u0443\\u0431","img":"assets\\/img\\/tickets\\/card_1.png","price":"10","color":"blue"}]', 1, 10.00, 62001, 63000, '2015-11-25 15:45:46', '2015-11-25 15:45:46'),
(187, 1, 25, '[{"id":"1","name":"\\u041a\\u0430\\u0440\\u0442\\u043e\\u0447\\u043a\\u0430 \\u043d\\u0430 10 \\u0440\\u0443\\u0431","img":"assets\\/img\\/tickets\\/card_1.png","price":"10","color":"blue"}]', 1, 10.00, 63001, 64000, '2015-11-25 15:46:44', '2015-11-25 15:46:44'),
(188, 1, 25, '[{"id":"2","name":"\\u041a\\u0430\\u0440\\u0442\\u043e\\u0447\\u043a\\u0430 \\u043d\\u0430 30 \\u0440\\u0443\\u0431","img":"assets\\/img\\/tickets\\/card_2.png","price":"30","color":"green"}]', 1, 30.00, 64001, 67000, '2015-11-25 15:46:45', '2015-11-25 15:46:45'),
(189, 1, 25, '[{"id":"3","name":"\\u041a\\u0430\\u0440\\u0442\\u043e\\u0447\\u043a\\u0430 \\u043d\\u0430 60 \\u0440\\u0443\\u0431","img":"assets\\/img\\/tickets\\/card_3.png","price":"60","color":"purple"}]', 1, 60.00, 67001, 73000, '2015-11-25 15:46:46', '2015-11-25 15:46:46'),
(190, 1, 25, '[{"id":"4","name":"\\u041a\\u0430\\u0440\\u0442\\u043e\\u0447\\u043a\\u0430 \\u043d\\u0430 120 \\u0440\\u0443\\u0431","img":"assets\\/img\\/tickets\\/card_4.png","price":"120","color":"red"}]', 1, 120.00, 73001, 85000, '2015-11-25 15:46:47', '2015-11-25 15:46:47'),
(191, 1, 25, '[{"id":"5","name":"\\u041a\\u0430\\u0440\\u0442\\u043e\\u0447\\u043a\\u0430 \\u043d\\u0430 240 \\u0440\\u0443\\u0431","img":"assets\\/img\\/tickets\\/card_5.png","price":"240","color":"blue2"}]', 1, 240.00, 85001, 109000, '2015-11-25 15:46:48', '2015-11-25 15:46:48'),
(192, 1, 26, '[{"id":"1","name":"\\u041a\\u0430\\u0440\\u0442\\u043e\\u0447\\u043a\\u0430 \\u043d\\u0430 10 \\u0440\\u0443\\u0431","img":"assets\\/img\\/tickets\\/card_1.png","price":"10","color":"blue"}]', 1, 10.00, 1, 1000, '2015-11-25 15:51:53', '2015-11-25 15:51:53'),
(193, 1, 26, '[{"id":"3","name":"\\u041a\\u0430\\u0440\\u0442\\u043e\\u0447\\u043a\\u0430 \\u043d\\u0430 60 \\u0440\\u0443\\u0431","img":"assets\\/img\\/tickets\\/card_3.png","price":"60","color":"purple"}]', 1, 60.00, 1001, 7000, '2015-11-25 16:04:50', '2015-11-25 16:04:50');

-- --------------------------------------------------------

--
-- Структура таблицы `chat`
--

CREATE TABLE IF NOT EXISTS `chat` (
  `id` int(11) NOT NULL AUTO_INCREMENT,
  `userid` varchar(255) NOT NULL,
  `username` varchar(255) NOT NULL,
  `avatar` text NOT NULL,
  `messages` text NOT NULL,
  `admin` int(11) NOT NULL,
  PRIMARY KEY (`id`)
) ENGINE=InnoDB  DEFAULT CHARSET=utf8 AUTO_INCREMENT=281 ;

--
-- Дамп данных таблицы `chat`
--

INSERT INTO `chat` (`id`, `userid`, `username`, `avatar`, `messages`, `admin`) VALUES
(246, '76561198074521068', 'unknQwN', 'https://steamcdn-a.akamaihd.net/steamcommunity/public/images/avatars/6e/6ec6a32759257b114badf660c9154b9418cb0afc_full.jpg', 'hello', 0),
(247, '76561198074521068', 'unknQwN', 'https://steamcdn-a.akamaihd.net/steamcommunity/public/images/avatars/6e/6ec6a32759257b114badf660c9154b9418cb0afc_full.jpg', 'testing', 0),
(250, '76561198074521068', 'unknQwN', 'https://steamcdn-a.akamaihd.net/steamcommunity/public/images/avatars/6e/6ec6a32759257b114badf660c9154b9418cb0afc_full.jpg', 'После после', 0),
(251, '76561198146743479', 'Skrillex24rus CS2FAST.RU', 'https://steamcdn-a.akamaihd.net/steamcommunity/public/images/avatars/b1/b13dc33fe19fba0e32875bc0cef23d43977ea7c8_full.jpg', 'ntcn', 0),
(252, '76561198220572196', 'hristofor.xxxx', 'https://steamcdn-a.akamaihd.net/steamcommunity/public/images/avatars/32/3209ae12003a7b0c8ddbc18c9a21cfbe00a14bd7_full.jpg', '11', 0),
(256, '76561198074521068', 'unknQwN', 'https://steamcdn-a.akamaihd.net/steamcommunity/public/images/avatars/6e/6ec6a32759257b114badf660c9154b9418cb0afc_full.jpg', 'Banned/Unbanned TEST', 0),
(258, '76561198254602173', 'Eminem', 'https://steamcdn-a.akamaihd.net/steamcommunity/public/images/avatars/54/540262040aeac847bfa7a56260ab7b2375c40300_full.jpg', 'й', 0),
(259, '76561198254602173', 'Eminem', 'https://steamcdn-a.akamaihd.net/steamcommunity/public/images/avatars/54/540262040aeac847bfa7a56260ab7b2375c40300_full.jpg', 'xD', 0),
(260, '76561198004631447', 'pfff', 'https://steamcdn-a.akamaihd.net/steamcommunity/public/images/avatars/fa/fa5077355deeadd2e523b05c343d0021244a8018_full.jpg', 'вфы', 0),
(261, '76561198004631447', 'pfff', 'https://steamcdn-a.akamaihd.net/steamcommunity/public/images/avatars/fa/fa5077355deeadd2e523b05c343d0021244a8018_full.jpg', 'тест сообщения', 0),
(264, '76561198133798321', 'Fanya2H EasyCache.RU', 'https://steamcdn-a.akamaihd.net/steamcommunity/public/images/avatars/f8/f8b7ce2e296cf21fd43060bd634c47292932f96f_full.jpg', 's', 0),
(265, '76561198074521068', 'unknQwN', 'https://steamcdn-a.akamaihd.net/steamcommunity/public/images/avatars/6e/6ec6a32759257b114badf660c9154b9418cb0afc_full.jpg', 'kek', 0),
(266, '76561198261752026', 'Адзуса', 'https://steamcdn-a.akamaihd.net/steamcommunity/public/images/avatars/a1/a1b30ad8cb921da9b84f8038323bb02142e89937_full.jpg', 'ы', 0),
(267, '76561198025678566', 'WOLK CS-EZ.COM', 'https://steamcdn-a.akamaihd.net/steamcommunity/public/images/avatars/3d/3db0919be2ec4bf413af2b8b3c316b74c4af378b_full.jpg', 'lol', 0),
(268, '76561198025678566', 'WOLK CS-EZ.COM', 'https://steamcdn-a.akamaihd.net/steamcommunity/public/images/avatars/3d/3db0919be2ec4bf413af2b8b3c316b74c4af378b_full.jpg', 'фывфы', 0),
(269, '76561198074521068', 'unknQwN', 'https://steamcdn-a.akamaihd.net/steamcommunity/public/images/avatars/6e/6ec6a32759257b114badf660c9154b9418cb0afc_full.jpg', 'only tested', 0),
(270, '76561198074521068', 'unknQwN', 'https://steamcdn-a.akamaihd.net/steamcommunity/public/images/avatars/6e/6ec6a32759257b114badf660c9154b9418cb0afc_full.jpg', 'wtf?!', 0),
(271, '76561197997906788', 'DaspeR CSGO-EZPZ.RU', 'https://steamcdn-a.akamaihd.net/steamcommunity/public/images/avatars/91/9137011d22038eaf8a00d8abc04a8a5fda38e587_full.jpg', 'Тестер 228', 0),
(272, '76561197986417539', 'hYYPER(); :> ♥ WANT-SKINS.RU', 'https://steamcdn-a.akamaihd.net/steamcommunity/public/images/avatars/f1/f12ac21c99c15f11ffd15175256893d6cfce1e32_full.jpg', '5', 0),
(273, '76561198119341339', 'WH0AMI CSGOPULSE.RU', 'https://steamcdn-a.akamaihd.net/steamcommunity/public/images/avatars/fc/fcabe959ab4281aa0eb3301baa4753178891dab1_full.jpg', 'Привет', 0),
(274, '76561198114782778', '[BOT]CSGO-BOOM.RU', 'https://steamcdn-a.akamaihd.net/steamcommunity/public/images/avatars/aa/aabfb3283d4f5e8aa49b8001d9f99ac44e94c0c4_full.jpg', 'ку', 0),
(275, '76561198114782778', '[BOT]CSGO-BOOM.RU', 'https://steamcdn-a.akamaihd.net/steamcommunity/public/images/avatars/aa/aabfb3283d4f5e8aa49b8001d9f99ac44e94c0c4_full.jpg', 'ку', 0),
(276, '76561198024082011', 'Dimitryi', 'https://steamcdn-a.akamaihd.net/steamcommunity/public/images/avatars/fe/fef49e7fa7e1997310d705b2a6158ff8dc1cdfeb_full.jpg', 'йуывфывфы', 0),
(277, '76561198024082011', 'Dimitryi', 'https://steamcdn-a.akamaihd.net/steamcommunity/public/images/avatars/fe/fef49e7fa7e1997310d705b2a6158ff8dc1cdfeb_full.jpg', 'орвтьбыфвлорыфитвьбыф', 0),
(278, '76561198024082011', 'Dimitryi', 'https://steamcdn-a.akamaihd.net/steamcommunity/public/images/avatars/fe/fef49e7fa7e1997310d705b2a6158ff8dc1cdfeb_full.jpg', 'Ответь в скупе, купить скрипт хочу', 0),
(279, '76561198139672427', 'zNt`', 'https://steamcdn-a.akamaihd.net/steamcommunity/public/images/avatars/a8/a86d6ec457141cb6a1d881c62b527b347684bd19_full.jpg', '..', 0),
(280, '76561198074521068', 'unknQwN', 'https://steamcdn-a.akamaihd.net/steamcommunity/public/images/avatars/6e/6ec6a32759257b114badf660c9154b9418cb0afc_full.jpg', 'kk', 0);

-- --------------------------------------------------------

--
-- Структура таблицы `games`
--

CREATE TABLE IF NOT EXISTS `games` (
  `id` int(10) unsigned NOT NULL AUTO_INCREMENT,
  `winner_id` int(10) unsigned DEFAULT NULL,
  `status` int(11) NOT NULL,
  `items` int(11) NOT NULL,
  `price` double(8,2) NOT NULL,
  `started_at` timestamp NOT NULL DEFAULT '0000-00-00 00:00:00',
  `finished_at` timestamp NOT NULL DEFAULT '0000-00-00 00:00:00',
  `won_items` text COLLATE utf8_unicode_ci NOT NULL,
  `status_prize` int(11) NOT NULL,
  `rand_number` varchar(255) COLLATE utf8_unicode_ci NOT NULL,
  `created_at` timestamp NOT NULL DEFAULT '0000-00-00 00:00:00',
  `updated_at` timestamp NOT NULL DEFAULT '0000-00-00 00:00:00',
  PRIMARY KEY (`id`),
  KEY `games_winner_id_foreign` (`winner_id`)
) ENGINE=InnoDB  DEFAULT CHARSET=utf8 COLLATE=utf8_unicode_ci AUTO_INCREMENT=27 ;

--
-- Дамп данных таблицы `games`
--

INSERT INTO `games` (`id`, `winner_id`, `status`, `items`, `price`, `started_at`, `finished_at`, `won_items`, `status_prize`, `rand_number`, `created_at`, `updated_at`) VALUES
(3, 2, 3, 9, 8820.00, '2015-11-20 00:23:47', '2015-11-20 00:25:47', '[{"id":"5","name":"\\u041a\\u0430\\u0440\\u0442\\u043e\\u0447\\u043a\\u0430 \\u043d\\u0430 6300 \\u0440\\u0443\\u0431","img":"assets\\/img\\/tickets\\/card_5.png","price":"6300"},{"id":"1","name":"\\u041a\\u0430\\u0440\\u0442\\u043e\\u0447\\u043a\\u0430 \\u043d\\u0430 315 \\u0440\\u0443\\u0431","img":"assets\\/img\\/tickets\\/card_1.png","price":"315"},{"id":"1","name":"\\u041a\\u0430\\u0440\\u0442\\u043e\\u0447\\u043a\\u0430 \\u043d\\u0430 315 \\u0440\\u0443\\u0431","img":"assets\\/img\\/tickets\\/card_1.png","price":"315"},{"id":"1","name":"\\u041a\\u0430\\u0440\\u0442\\u043e\\u0447\\u043a\\u0430 \\u043d\\u0430 315 \\u0440\\u0443\\u0431","img":"assets\\/img\\/tickets\\/card_1.png","price":"315"},{"id":"1","name":"\\u041a\\u0430\\u0440\\u0442\\u043e\\u0447\\u043a\\u0430 \\u043d\\u0430 315 \\u0440\\u0443\\u0431","img":"assets\\/img\\/tickets\\/card_1.png","price":"315"},{"id":"1","name":"\\u041a\\u0430\\u0440\\u0442\\u043e\\u0447\\u043a\\u0430 \\u043d\\u0430 315 \\u0440\\u0443\\u0431","img":"assets\\/img\\/tickets\\/card_1.png","price":"315"}]', 1, '0.965167171619631592', '2015-11-19 23:49:04', '2015-11-20 00:25:50'),
(4, 2, 3, 15, 19530.00, '2015-11-20 00:46:01', '2015-11-20 00:46:49', '[{"id":"1","name":"\\u041a\\u0430\\u0440\\u0442\\u043e\\u0447\\u043a\\u0430 \\u043d\\u0430 315 \\u0440\\u0443\\u0431","img":"assets\\/img\\/tickets\\/card_1.png","price":"315"},{"id":"5","name":"\\u041a\\u0430\\u0440\\u0442\\u043e\\u0447\\u043a\\u0430 \\u043d\\u0430 6300 \\u0440\\u0443\\u0431","img":"assets\\/img\\/tickets\\/card_5.png","price":"6300"},{"id":"5","name":"\\u041a\\u0430\\u0440\\u0442\\u043e\\u0447\\u043a\\u0430 \\u043d\\u0430 6300 \\u0440\\u0443\\u0431","img":"assets\\/img\\/tickets\\/card_5.png","price":"6300"},{"id":"2","name":"\\u041a\\u0430\\u0440\\u0442\\u043e\\u0447\\u043a\\u0430 \\u043d\\u0430 630 \\u0440\\u0443\\u0431","img":"assets\\/img\\/tickets\\/card_2.png","price":"630"},{"id":"3","name":"\\u041a\\u0430\\u0440\\u0442\\u043e\\u0447\\u043a\\u0430 \\u043d\\u0430 1575 \\u0440\\u0443\\u0431","img":"assets\\/img\\/tickets\\/card_3.png","price":"1575"},{"id":"1","name":"\\u041a\\u0430\\u0440\\u0442\\u043e\\u0447\\u043a\\u0430 \\u043d\\u0430 315 \\u0440\\u0443\\u0431","img":"assets\\/img\\/tickets\\/card_1.png","price":"315"},{"id":"1","name":"\\u041a\\u0430\\u0440\\u0442\\u043e\\u0447\\u043a\\u0430 \\u043d\\u0430 315 \\u0440\\u0443\\u0431","img":"assets\\/img\\/tickets\\/card_1.png","price":"315"},{"id":"1","name":"\\u041a\\u0430\\u0440\\u0442\\u043e\\u0447\\u043a\\u0430 \\u043d\\u0430 315 \\u0440\\u0443\\u0431","img":"assets\\/img\\/tickets\\/card_1.png","price":"315"}]', 1, '0.273065283698352284', '2015-11-20 00:26:18', '2015-11-20 00:46:52'),
(5, 1, 3, 5, 2837.64, '2015-11-20 00:49:28', '2015-11-20 00:51:07', '[{"name":"\\u0425\\u0440\\u043e\\u043c\\u0438\\u0440\\u043e\\u0432\\u0430\\u043d\\u043d\\u044b\\u0439 \\u043e\\u0440\\u0443\\u0436\\u0435\\u0439\\u043d\\u044b\\u0439 \\u043a\\u0435\\u0439\\u0441","market_hash_name":"Chroma Case","classid":"720268538","rarity":"","price":2.64},{"id":"3","name":"\\u041a\\u0430\\u0440\\u0442\\u043e\\u0447\\u043a\\u0430 \\u043d\\u0430 1575 \\u0440\\u0443\\u0431","img":"assets\\/img\\/tickets\\/card_3.png","price":"1575"},{"id":"1","name":"\\u041a\\u0430\\u0440\\u0442\\u043e\\u0447\\u043a\\u0430 \\u043d\\u0430 315 \\u0440\\u0443\\u0431","img":"assets\\/img\\/tickets\\/card_1.png","price":"315"},{"id":"1","name":"\\u041a\\u0430\\u0440\\u0442\\u043e\\u0447\\u043a\\u0430 \\u043d\\u0430 315 \\u0440\\u0443\\u0431","img":"assets\\/img\\/tickets\\/card_1.png","price":"315"},{"id":"2","name":"\\u041a\\u0430\\u0440\\u0442\\u043e\\u0447\\u043a\\u0430 \\u043d\\u0430 630 \\u0440\\u0443\\u0431","img":"assets\\/img\\/tickets\\/card_2.png","price":"630"}]', 1, '0.738742017305233370', '2015-11-20 00:47:19', '2015-11-20 00:51:15'),
(6, 2, 3, 4, 1260.00, '2015-11-20 00:54:32', '2015-11-20 00:56:32', '[{"id":"1","name":"\\u041a\\u0430\\u0440\\u0442\\u043e\\u0447\\u043a\\u0430 \\u043d\\u0430 315 \\u0440\\u0443\\u0431","img":"assets\\/img\\/tickets\\/card_1.png","price":"315"},{"id":"1","name":"\\u041a\\u0430\\u0440\\u0442\\u043e\\u0447\\u043a\\u0430 \\u043d\\u0430 315 \\u0440\\u0443\\u0431","img":"assets\\/img\\/tickets\\/card_1.png","price":"315"},{"id":"1","name":"\\u041a\\u0430\\u0440\\u0442\\u043e\\u0447\\u043a\\u0430 \\u043d\\u0430 315 \\u0440\\u0443\\u0431","img":"assets\\/img\\/tickets\\/card_1.png","price":"315"},{"id":"1","name":"\\u041a\\u0430\\u0440\\u0442\\u043e\\u0447\\u043a\\u0430 \\u043d\\u0430 315 \\u0440\\u0443\\u0431","img":"assets\\/img\\/tickets\\/card_1.png","price":"315"}]', 1, '0.346746789764483898', '2015-11-20 00:51:37', '2015-11-20 00:56:35'),
(7, 1, 3, 4, 1890.00, '2015-11-20 00:58:09', '2015-11-20 00:59:48', '[{"id":"1","name":"\\u041a\\u0430\\u0440\\u0442\\u043e\\u0447\\u043a\\u0430 \\u043d\\u0430 315 \\u0440\\u0443\\u0431","img":"assets\\/img\\/tickets\\/card_1.png","price":"315"},{"id":"2","name":"\\u041a\\u0430\\u0440\\u0442\\u043e\\u0447\\u043a\\u0430 \\u043d\\u0430 630 \\u0440\\u0443\\u0431","img":"assets\\/img\\/tickets\\/card_2.png","price":"630"},{"id":"1","name":"\\u041a\\u0430\\u0440\\u0442\\u043e\\u0447\\u043a\\u0430 \\u043d\\u0430 315 \\u0440\\u0443\\u0431","img":"assets\\/img\\/tickets\\/card_1.png","price":"315"},{"id":"2","name":"\\u041a\\u0430\\u0440\\u0442\\u043e\\u0447\\u043a\\u0430 \\u043d\\u0430 630 \\u0440\\u0443\\u0431","img":"assets\\/img\\/tickets\\/card_2.png","price":"630"}]', 1, '0.910295434700425011', '2015-11-20 00:57:03', '2015-11-20 00:59:50'),
(8, 1, 3, 7, 24255.00, '2015-11-20 01:03:23', '2015-11-20 01:05:03', '[{"id":"1","name":"\\u041a\\u0430\\u0440\\u0442\\u043e\\u0447\\u043a\\u0430 \\u043d\\u0430 315 \\u0440\\u0443\\u0431","img":"assets\\/img\\/tickets\\/card_1.png","price":"315"},{"id":"5","name":"\\u041a\\u0430\\u0440\\u0442\\u043e\\u0447\\u043a\\u0430 \\u043d\\u0430 6300 \\u0440\\u0443\\u0431","img":"assets\\/img\\/tickets\\/card_5.png","price":"6300"},{"id":"3","name":"\\u041a\\u0430\\u0440\\u0442\\u043e\\u0447\\u043a\\u0430 \\u043d\\u0430 1575 \\u0440\\u0443\\u0431","img":"assets\\/img\\/tickets\\/card_3.png","price":"1575"},{"id":"4","name":"\\u041a\\u0430\\u0440\\u0442\\u043e\\u0447\\u043a\\u0430 \\u043d\\u0430 3150 \\u0440\\u0443\\u0431","img":"assets\\/img\\/tickets\\/card_4.png","price":"3150"},{"id":"5","name":"\\u041a\\u0430\\u0440\\u0442\\u043e\\u0447\\u043a\\u0430 \\u043d\\u0430 6300 \\u0440\\u0443\\u0431","img":"assets\\/img\\/tickets\\/card_5.png","price":"6300"},{"id":"5","name":"\\u041a\\u0430\\u0440\\u0442\\u043e\\u0447\\u043a\\u0430 \\u043d\\u0430 6300 \\u0440\\u0443\\u0431","img":"assets\\/img\\/tickets\\/card_5.png","price":"6300"}]', 1, '0.767006061168053249', '2015-11-20 01:00:18', '2015-11-20 01:05:05'),
(9, 1, 3, 8, 12915.00, '2015-11-20 01:20:23', '2015-11-20 01:20:40', '[{"id":"1","name":"\\u041a\\u0430\\u0440\\u0442\\u043e\\u0447\\u043a\\u0430 \\u043d\\u0430 315 \\u0440\\u0443\\u0431","img":"assets\\/img\\/tickets\\/card_1.png","price":"315"},{"id":"3","name":"\\u041a\\u0430\\u0440\\u0442\\u043e\\u0447\\u043a\\u0430 \\u043d\\u0430 1575 \\u0440\\u0443\\u0431","img":"assets\\/img\\/tickets\\/card_3.png","price":"1575"},{"id":"4","name":"\\u041a\\u0430\\u0440\\u0442\\u043e\\u0447\\u043a\\u0430 \\u043d\\u0430 3150 \\u0440\\u0443\\u0431","img":"assets\\/img\\/tickets\\/card_4.png","price":"3150"},{"id":"5","name":"\\u041a\\u0430\\u0440\\u0442\\u043e\\u0447\\u043a\\u0430 \\u043d\\u0430 6300 \\u0440\\u0443\\u0431","img":"assets\\/img\\/tickets\\/card_5.png","price":"6300"},{"id":"1","name":"\\u041a\\u0430\\u0440\\u0442\\u043e\\u0447\\u043a\\u0430 \\u043d\\u0430 315 \\u0440\\u0443\\u0431","img":"assets\\/img\\/tickets\\/card_1.png","price":"315"}]', 1, '0.604771848173268037', '2015-11-20 01:05:34', '2015-11-20 01:20:42'),
(10, 2, 3, 5, 320.00, '2015-11-20 01:27:37', '2015-11-20 01:28:14', '[{"id":"1","name":"\\u041a\\u0430\\u0440\\u0442\\u043e\\u0447\\u043a\\u0430 \\u043d\\u0430 10 \\u0440\\u0443\\u0431","img":"assets\\/img\\/tickets\\/card_1.png","price":"10"},{"id":"4","name":"\\u041a\\u0430\\u0440\\u0442\\u043e\\u0447\\u043a\\u0430 \\u043d\\u0430 120 \\u0440\\u0443\\u0431","img":"assets\\/img\\/tickets\\/card_4.png","price":"120"},{"id":"4","name":"\\u041a\\u0430\\u0440\\u0442\\u043e\\u0447\\u043a\\u0430 \\u043d\\u0430 120 \\u0440\\u0443\\u0431","img":"assets\\/img\\/tickets\\/card_4.png","price":"120"},{"id":"3","name":"\\u041a\\u0430\\u0440\\u0442\\u043e\\u0447\\u043a\\u0430 \\u043d\\u0430 60 \\u0440\\u0443\\u0431","img":"assets\\/img\\/tickets\\/card_3.png","price":"60"}]', 1, '0.450354384947907848', '2015-11-20 01:21:10', '2015-11-20 01:28:15'),
(11, 2, 3, 10, 39.14, '2015-11-20 01:55:45', '2015-11-20 01:57:42', '[{"id":"1","name":"\\u041a\\u0430\\u0440\\u0442\\u043e\\u0447\\u043a\\u0430 \\u043d\\u0430 10 \\u0440\\u0443\\u0431","img":"assets\\/img\\/tickets\\/card_1.png","price":"10"},{"name":"\\u041a\\u0435\\u0439\\u0441 \\u00ab\\u0424\\u0430\\u043b\\u044c\\u0448\\u0438\\u043e\\u043d\\u00bb","market_hash_name":"Falchion Case","classid":"991959905","rarity":"","price":2.64},{"name":"\\u041a\\u0435\\u0439\\u0441 \\u00ab\\u0424\\u0430\\u043b\\u044c\\u0448\\u0438\\u043e\\u043d\\u00bb","market_hash_name":"Falchion Case","classid":"991959905","rarity":"","price":"2.64"},{"name":"\\u041a\\u0435\\u0439\\u0441 \\u00ab\\u0424\\u0430\\u043b\\u044c\\u0448\\u0438\\u043e\\u043d\\u00bb","market_hash_name":"Falchion Case","classid":"991959905","rarity":"","price":"2.64"},{"name":"\\u041a\\u0435\\u0439\\u0441 \\u00ab\\u0424\\u0430\\u043b\\u044c\\u0448\\u0438\\u043e\\u043d\\u00bb","market_hash_name":"Falchion Case","classid":"991959905","rarity":"","price":"2.64"},{"name":"\\u041e\\u0440\\u0443\\u0436\\u0435\\u0439\\u043d\\u044b\\u0439 \\u043a\\u0435\\u0439\\u0441 \\u043e\\u043f\\u0435\\u0440\\u0430\\u0446\\u0438\\u0438 \\u00ab\\u0424\\u0435\\u043d\\u0438\\u043a\\u0441\\u00bb","market_hash_name":"Operation Phoenix Weapon Case","classid":"384801319","rarity":"","price":2.64},{"id":"1","name":"\\u041a\\u0430\\u0440\\u0442\\u043e\\u0447\\u043a\\u0430 \\u043d\\u0430 10 \\u0440\\u0443\\u0431","img":"assets\\/img\\/tickets\\/card_1.png","price":"10"}]', 2, '0.905335045723590838', '2015-11-20 01:28:44', '2015-11-20 01:57:45'),
(12, 1, 3, 6, 44.62, '2015-11-20 04:10:22', '2015-11-20 04:10:40', '[{"id":"1","name":"\\u041a\\u0430\\u0440\\u0442\\u043e\\u0447\\u043a\\u0430 \\u043d\\u0430 10 \\u0440\\u0443\\u0431","img":"assets\\/img\\/tickets\\/card_1.png","price":"10"},{"id":"1","name":"\\u041a\\u0430\\u0440\\u0442\\u043e\\u0447\\u043a\\u0430 \\u043d\\u0430 10 \\u0440\\u0443\\u0431","img":"assets\\/img\\/tickets\\/card_1.png","price":"10"},{"name":"\\u041a\\u0435\\u0439\\u0441 \\u00ab\\u0424\\u0430\\u043b\\u044c\\u0448\\u0438\\u043e\\u043d\\u00bb","market_hash_name":"Falchion Case","classid":"991959905","rarity":"","price":"2.64"},{"id":"1","name":"\\u041a\\u0430\\u0440\\u0442\\u043e\\u0447\\u043a\\u0430 \\u043d\\u0430 10 \\u0440\\u0443\\u0431","img":"assets\\/img\\/tickets\\/card_1.png","price":"10"},{"id":"1","name":"\\u041a\\u0430\\u0440\\u0442\\u043e\\u0447\\u043a\\u0430 \\u043d\\u0430 10 \\u0440\\u0443\\u0431","img":"assets\\/img\\/tickets\\/card_1.png","price":"10"}]', 1, '0.111971888438263244', '2015-11-20 01:58:12', '2015-11-20 04:10:46'),
(13, 1, 3, 2, 20.00, '2015-11-20 05:01:56', '2015-11-20 05:03:56', '[{"id":"1","name":"\\u041a\\u0430\\u0440\\u0442\\u043e\\u0447\\u043a\\u0430 \\u043d\\u0430 10 \\u0440\\u0443\\u0431","img":"assets\\/img\\/tickets\\/card_1.png","price":"10"},{"id":"1","name":"\\u041a\\u0430\\u0440\\u0442\\u043e\\u0447\\u043a\\u0430 \\u043d\\u0430 10 \\u0440\\u0443\\u0431","img":"assets\\/img\\/tickets\\/card_1.png","price":"10"}]', 1, '0.799137012370482617', '2015-11-20 04:11:10', '2015-11-20 05:03:59'),
(14, 1, 3, 4, 130.00, '2015-11-20 05:30:38', '2015-11-20 05:32:38', '[{"id":"1","name":"\\u041a\\u0430\\u0440\\u0442\\u043e\\u0447\\u043a\\u0430 \\u043d\\u0430 10 \\u0440\\u0443\\u0431","img":"assets\\/img\\/tickets\\/card_1.png","price":"10"},{"id":"2","name":"\\u041a\\u0430\\u0440\\u0442\\u043e\\u0447\\u043a\\u0430 \\u043d\\u0430 30 \\u0440\\u0443\\u0431","img":"assets\\/img\\/tickets\\/card_2.png","price":"30"},{"id":"2","name":"\\u041a\\u0430\\u0440\\u0442\\u043e\\u0447\\u043a\\u0430 \\u043d\\u0430 30 \\u0440\\u0443\\u0431","img":"assets\\/img\\/tickets\\/card_2.png","price":"30"},{"id":"3","name":"\\u041a\\u0430\\u0440\\u0442\\u043e\\u0447\\u043a\\u0430 \\u043d\\u0430 60 \\u0440\\u0443\\u0431","img":"assets\\/img\\/tickets\\/card_3.png","price":"60"}]', 1, '0.231970378555672271', '2015-11-20 05:04:26', '2015-11-20 05:32:40'),
(15, 6, 3, 2, 20.00, '2015-11-20 09:17:32', '2015-11-20 09:19:32', '[{"id":"1","name":"\\u041a\\u0430\\u0440\\u0442\\u043e\\u0447\\u043a\\u0430 \\u043d\\u0430 10 \\u0440\\u0443\\u0431","img":"assets\\/img\\/tickets\\/card_1.png","price":"10"},{"id":"1","name":"\\u041a\\u0430\\u0440\\u0442\\u043e\\u0447\\u043a\\u0430 \\u043d\\u0430 10 \\u0440\\u0443\\u0431","img":"assets\\/img\\/tickets\\/card_1.png","price":"10"}]', 1, '0.731438057782741084', '2015-11-20 05:33:08', '2015-11-20 09:19:35'),
(16, 6, 3, 15, 240.00, '2015-11-20 20:28:09', '2015-11-20 20:30:09', '[{"id":"2","name":"\\u041a\\u0430\\u0440\\u0442\\u043e\\u0447\\u043a\\u0430 \\u043d\\u0430 30 \\u0440\\u0443\\u0431","img":"assets\\/img\\/tickets\\/card_2.png","price":"30","color":"green"},{"id":"1","name":"\\u041a\\u0430\\u0440\\u0442\\u043e\\u0447\\u043a\\u0430 \\u043d\\u0430 10 \\u0440\\u0443\\u0431","img":"assets\\/img\\/tickets\\/card_1.png","price":"10"},{"id":"1","name":"\\u041a\\u0430\\u0440\\u0442\\u043e\\u0447\\u043a\\u0430 \\u043d\\u0430 10 \\u0440\\u0443\\u0431","img":"assets\\/img\\/tickets\\/card_1.png","price":"10"},{"id":"1","name":"\\u041a\\u0430\\u0440\\u0442\\u043e\\u0447\\u043a\\u0430 \\u043d\\u0430 10 \\u0440\\u0443\\u0431","img":"assets\\/img\\/tickets\\/card_1.png","price":"10"},{"id":"1","name":"\\u041a\\u0430\\u0440\\u0442\\u043e\\u0447\\u043a\\u0430 \\u043d\\u0430 10 \\u0440\\u0443\\u0431","img":"assets\\/img\\/tickets\\/card_1.png","price":"10"},{"id":"1","name":"\\u041a\\u0430\\u0440\\u0442\\u043e\\u0447\\u043a\\u0430 \\u043d\\u0430 10 \\u0440\\u0443\\u0431","img":"assets\\/img\\/tickets\\/card_1.png","price":"10"},{"id":"1","name":"\\u041a\\u0430\\u0440\\u0442\\u043e\\u0447\\u043a\\u0430 \\u043d\\u0430 10 \\u0440\\u0443\\u0431","img":"assets\\/img\\/tickets\\/card_1.png","price":"10"},{"id":"1","name":"\\u041a\\u0430\\u0440\\u0442\\u043e\\u0447\\u043a\\u0430 \\u043d\\u0430 10 \\u0440\\u0443\\u0431","img":"assets\\/img\\/tickets\\/card_1.png","price":"10"},{"id":"2","name":"\\u041a\\u0430\\u0440\\u0442\\u043e\\u0447\\u043a\\u0430 \\u043d\\u0430 30 \\u0440\\u0443\\u0431","img":"assets\\/img\\/tickets\\/card_2.png","price":"30","color":"green"},{"id":"1","name":"\\u041a\\u0430\\u0440\\u0442\\u043e\\u0447\\u043a\\u0430 \\u043d\\u0430 10 \\u0440\\u0443\\u0431","img":"assets\\/img\\/tickets\\/card_1.png","price":"10","color":"blue"},{"id":"3","name":"\\u041a\\u0430\\u0440\\u0442\\u043e\\u0447\\u043a\\u0430 \\u043d\\u0430 60 \\u0440\\u0443\\u0431","img":"assets\\/img\\/tickets\\/card_3.png","price":"60","color":"purple"},{"id":"1","name":"\\u041a\\u0430\\u0440\\u0442\\u043e\\u0447\\u043a\\u0430 \\u043d\\u0430 10 \\u0440\\u0443\\u0431","img":"assets\\/img\\/tickets\\/card_1.png","price":"10","color":"blue"}]', 1, '0.890568768283955545', '2015-11-20 09:20:02', '2015-11-20 20:30:13'),
(17, 6, 3, 7, 316.60, '2015-11-20 20:44:56', '2015-11-20 20:46:57', '[{"id":"2","name":"\\u041a\\u0430\\u0440\\u0442\\u043e\\u0447\\u043a\\u0430 \\u043d\\u0430 30 \\u0440\\u0443\\u0431","img":"assets\\/img\\/tickets\\/card_2.png","price":"30","color":"green"},{"id":"2","name":"\\u041a\\u0430\\u0440\\u0442\\u043e\\u0447\\u043a\\u0430 \\u043d\\u0430 30 \\u0440\\u0443\\u0431","img":"assets\\/img\\/tickets\\/card_2.png","price":"30","color":"green"},{"id":"5","name":"\\u041a\\u0430\\u0440\\u0442\\u043e\\u0447\\u043a\\u0430 \\u043d\\u0430 240 \\u0440\\u0443\\u0431","img":"assets\\/img\\/tickets\\/card_5.png","price":"240","color":"blue2"}]', 1, '0.174250144822625317', '2015-11-20 20:30:40', '2015-11-20 20:47:00'),
(18, 1, 3, 25, 4870.00, '2015-11-24 05:37:28', '2015-11-24 05:39:09', '[{"id":"2","name":"\\u041a\\u0430\\u0440\\u0442\\u043e\\u0447\\u043a\\u0430 \\u043d\\u0430 30 \\u0440\\u0443\\u0431","img":"assets\\/img\\/tickets\\/card_2.png","price":"30","color":"green"},{"id":"5","name":"\\u041a\\u0430\\u0440\\u0442\\u043e\\u0447\\u043a\\u0430 \\u043d\\u0430 240 \\u0440\\u0443\\u0431","img":"assets\\/img\\/tickets\\/card_5.png","price":"240","color":"blue2"},{"id":"5","name":"\\u041a\\u0430\\u0440\\u0442\\u043e\\u0447\\u043a\\u0430 \\u043d\\u0430 240 \\u0440\\u0443\\u0431","img":"assets\\/img\\/tickets\\/card_5.png","price":"240","color":"blue2"},{"id":"5","name":"\\u041a\\u0430\\u0440\\u0442\\u043e\\u0447\\u043a\\u0430 \\u043d\\u0430 240 \\u0440\\u0443\\u0431","img":"assets\\/img\\/tickets\\/card_5.png","price":"240","color":"blue2"},{"id":"5","name":"\\u041a\\u0430\\u0440\\u0442\\u043e\\u0447\\u043a\\u0430 \\u043d\\u0430 240 \\u0440\\u0443\\u0431","img":"assets\\/img\\/tickets\\/card_5.png","price":"240","color":"blue2"},{"id":"5","name":"\\u041a\\u0430\\u0440\\u0442\\u043e\\u0447\\u043a\\u0430 \\u043d\\u0430 240 \\u0440\\u0443\\u0431","img":"assets\\/img\\/tickets\\/card_5.png","price":"240","color":"blue2"},{"id":"5","name":"\\u041a\\u0430\\u0440\\u0442\\u043e\\u0447\\u043a\\u0430 \\u043d\\u0430 240 \\u0440\\u0443\\u0431","img":"assets\\/img\\/tickets\\/card_5.png","price":"240","color":"blue2"},{"id":"5","name":"\\u041a\\u0430\\u0440\\u0442\\u043e\\u0447\\u043a\\u0430 \\u043d\\u0430 240 \\u0440\\u0443\\u0431","img":"assets\\/img\\/tickets\\/card_5.png","price":"240","color":"blue2"},{"id":"5","name":"\\u041a\\u0430\\u0440\\u0442\\u043e\\u0447\\u043a\\u0430 \\u043d\\u0430 240 \\u0440\\u0443\\u0431","img":"assets\\/img\\/tickets\\/card_5.png","price":"240","color":"blue2"},{"id":"5","name":"\\u041a\\u0430\\u0440\\u0442\\u043e\\u0447\\u043a\\u0430 \\u043d\\u0430 240 \\u0440\\u0443\\u0431","img":"assets\\/img\\/tickets\\/card_5.png","price":"240","color":"blue2"},{"id":"5","name":"\\u041a\\u0430\\u0440\\u0442\\u043e\\u0447\\u043a\\u0430 \\u043d\\u0430 240 \\u0440\\u0443\\u0431","img":"assets\\/img\\/tickets\\/card_5.png","price":"240","color":"blue2"},{"id":"5","name":"\\u041a\\u0430\\u0440\\u0442\\u043e\\u0447\\u043a\\u0430 \\u043d\\u0430 240 \\u0440\\u0443\\u0431","img":"assets\\/img\\/tickets\\/card_5.png","price":"240","color":"blue2"},{"id":"5","name":"\\u041a\\u0430\\u0440\\u0442\\u043e\\u0447\\u043a\\u0430 \\u043d\\u0430 240 \\u0440\\u0443\\u0431","img":"assets\\/img\\/tickets\\/card_5.png","price":"240","color":"blue2"},{"id":"5","name":"\\u041a\\u0430\\u0440\\u0442\\u043e\\u0447\\u043a\\u0430 \\u043d\\u0430 240 \\u0440\\u0443\\u0431","img":"assets\\/img\\/tickets\\/card_5.png","price":"240","color":"blue2"},{"id":"5","name":"\\u041a\\u0430\\u0440\\u0442\\u043e\\u0447\\u043a\\u0430 \\u043d\\u0430 240 \\u0440\\u0443\\u0431","img":"assets\\/img\\/tickets\\/card_5.png","price":"240","color":"blue2"},{"id":"5","name":"\\u041a\\u0430\\u0440\\u0442\\u043e\\u0447\\u043a\\u0430 \\u043d\\u0430 240 \\u0440\\u0443\\u0431","img":"assets\\/img\\/tickets\\/card_5.png","price":"240","color":"blue2"},{"id":"5","name":"\\u041a\\u0430\\u0440\\u0442\\u043e\\u0447\\u043a\\u0430 \\u043d\\u0430 240 \\u0440\\u0443\\u0431","img":"assets\\/img\\/tickets\\/card_5.png","price":"240","color":"blue2"},{"id":"5","name":"\\u041a\\u0430\\u0440\\u0442\\u043e\\u0447\\u043a\\u0430 \\u043d\\u0430 240 \\u0440\\u0443\\u0431","img":"assets\\/img\\/tickets\\/card_5.png","price":"240","color":"blue2"},{"id":"5","name":"\\u041a\\u0430\\u0440\\u0442\\u043e\\u0447\\u043a\\u0430 \\u043d\\u0430 240 \\u0440\\u0443\\u0431","img":"assets\\/img\\/tickets\\/card_5.png","price":"240","color":"blue2"}]', 1, '0.379253225271420029', '2015-11-20 20:47:27', '2015-11-24 05:39:11'),
(19, 1, 3, 10, 920.00, '2015-11-24 05:49:35', '2015-11-24 05:51:30', '[{"id":"1","name":"\\u041a\\u0430\\u0440\\u0442\\u043e\\u0447\\u043a\\u0430 \\u043d\\u0430 10 \\u0440\\u0443\\u0431","img":"assets\\/img\\/tickets\\/card_1.png","price":"10","color":"blue"},{"id":"3","name":"\\u041a\\u0430\\u0440\\u0442\\u043e\\u0447\\u043a\\u0430 \\u043d\\u0430 60 \\u0440\\u0443\\u0431","img":"assets\\/img\\/tickets\\/card_3.png","price":"60","color":"purple"},{"id":"4","name":"\\u041a\\u0430\\u0440\\u0442\\u043e\\u0447\\u043a\\u0430 \\u043d\\u0430 120 \\u0440\\u0443\\u0431","img":"assets\\/img\\/tickets\\/card_4.png","price":"120","color":"red"},{"id":"5","name":"\\u041a\\u0430\\u0440\\u0442\\u043e\\u0447\\u043a\\u0430 \\u043d\\u0430 240 \\u0440\\u0443\\u0431","img":"assets\\/img\\/tickets\\/card_5.png","price":"240","color":"blue2"},{"id":"3","name":"\\u041a\\u0430\\u0440\\u0442\\u043e\\u0447\\u043a\\u0430 \\u043d\\u0430 60 \\u0440\\u0443\\u0431","img":"assets\\/img\\/tickets\\/card_3.png","price":"60","color":"purple"},{"id":"4","name":"\\u041a\\u0430\\u0440\\u0442\\u043e\\u0447\\u043a\\u0430 \\u043d\\u0430 120 \\u0440\\u0443\\u0431","img":"assets\\/img\\/tickets\\/card_4.png","price":"120","color":"red"},{"id":"5","name":"\\u041a\\u0430\\u0440\\u0442\\u043e\\u0447\\u043a\\u0430 \\u043d\\u0430 240 \\u0440\\u0443\\u0431","img":"assets\\/img\\/tickets\\/card_5.png","price":"240","color":"blue2"}]', 1, '0.497449277770729598', '2015-11-24 05:39:40', '2015-11-24 05:51:33'),
(20, 13, 3, 9, 720.56, '2015-11-24 09:21:19', '2015-11-24 09:22:17', '[{"name":"\\u041e\\u0431\\u043c\\u0435\\u043d\\u043d\\u0438\\u043a StatTrak\\u2122","market_hash_name":"StatTrak\\u2122 Swap Tool","classid":"914869806","rarity":"","price":6.6},{"name":"MP7 | \\u0411\\u0440\\u043e\\u043d\\u044f (\\u041f\\u0440\\u044f\\u043c\\u043e \\u0441 \\u0437\\u0430\\u0432\\u043e\\u0434\\u0430)","market_hash_name":"MP7 | Armor Core (Factory New)","classid":"937251962","rarity":"milspec","price":3.96},{"id":"5","name":"\\u041a\\u0430\\u0440\\u0442\\u043e\\u0447\\u043a\\u0430 \\u043d\\u0430 240 \\u0440\\u0443\\u0431","img":"assets\\/img\\/tickets\\/card_5.png","price":"240","color":"blue2"},{"id":"4","name":"\\u041a\\u0430\\u0440\\u0442\\u043e\\u0447\\u043a\\u0430 \\u043d\\u0430 120 \\u0440\\u0443\\u0431","img":"assets\\/img\\/tickets\\/card_4.png","price":"120","color":"red"},{"id":"5","name":"\\u041a\\u0430\\u0440\\u0442\\u043e\\u0447\\u043a\\u0430 \\u043d\\u0430 240 \\u0440\\u0443\\u0431","img":"assets\\/img\\/tickets\\/card_5.png","price":"240","color":"blue2"},{"id":"1","name":"\\u041a\\u0430\\u0440\\u0442\\u043e\\u0447\\u043a\\u0430 \\u043d\\u0430 10 \\u0440\\u0443\\u0431","img":"assets\\/img\\/tickets\\/card_1.png","price":"10","color":"blue"}]', 1, '0.716288203784226824', '2015-11-24 05:52:00', '2015-11-24 09:22:22'),
(21, 1, 3, 3, 30.00, '2015-11-24 11:07:04', '2015-11-24 11:08:50', '[{"id":"1","name":"\\u041a\\u0430\\u0440\\u0442\\u043e\\u0447\\u043a\\u0430 \\u043d\\u0430 10 \\u0440\\u0443\\u0431","img":"assets\\/img\\/tickets\\/card_1.png","price":"10","color":"blue"},{"id":"1","name":"\\u041a\\u0430\\u0440\\u0442\\u043e\\u0447\\u043a\\u0430 \\u043d\\u0430 10 \\u0440\\u0443\\u0431","img":"assets\\/img\\/tickets\\/card_1.png","price":"10","color":"blue"},{"id":"1","name":"\\u041a\\u0430\\u0440\\u0442\\u043e\\u0447\\u043a\\u0430 \\u043d\\u0430 10 \\u0440\\u0443\\u0431","img":"assets\\/img\\/tickets\\/card_1.png","price":"10","color":"blue"}]', 1, '0.632191307696232179', '2015-11-24 09:22:47', '2015-11-24 11:08:53'),
(22, 1, 3, 2, 11.98, '2015-11-24 15:20:39', '2015-11-24 15:22:39', '[{"id":"1","name":"\\u041a\\u0430\\u0440\\u0442\\u043e\\u0447\\u043a\\u0430 \\u043d\\u0430 10 \\u0440\\u0443\\u0431","img":"assets\\/img\\/tickets\\/card_1.png","price":"10","color":"blue"},{"name":"\\u041e\\u0440\\u0443\\u0436\\u0435\\u0439\\u043d\\u044b\\u0439 \\u043a\\u0435\\u0439\\u0441 \\u043e\\u043f\\u0435\\u0440\\u0430\\u0446\\u0438\\u0438 \\u00ab\\u041f\\u0440\\u043e\\u0440\\u044b\\u0432\\u00bb","market_hash_name":"Operation Breakout Weapon Case","classid":"520025252","rarity":"","price":1.98}]', 1, '0.596528707818479442', '2015-11-24 11:09:20', '2015-11-24 15:22:44'),
(23, 1, 3, 7, 471.98, '2015-11-24 19:25:55', '2015-11-24 19:26:31', '[{"id":"1","name":"\\u041a\\u0430\\u0440\\u0442\\u043e\\u0447\\u043a\\u0430 \\u043d\\u0430 10 \\u0440\\u0443\\u0431","img":"assets\\/img\\/tickets\\/card_1.png","price":"10","color":"blue"},{"id":"3","name":"\\u041a\\u0430\\u0440\\u0442\\u043e\\u0447\\u043a\\u0430 \\u043d\\u0430 60 \\u0440\\u0443\\u0431","img":"assets\\/img\\/tickets\\/card_3.png","price":"60","color":"purple"},{"id":"4","name":"\\u041a\\u0430\\u0440\\u0442\\u043e\\u0447\\u043a\\u0430 \\u043d\\u0430 120 \\u0440\\u0443\\u0431","img":"assets\\/img\\/tickets\\/card_4.png","price":"120","color":"red"},{"id":"5","name":"\\u041a\\u0430\\u0440\\u0442\\u043e\\u0447\\u043a\\u0430 \\u043d\\u0430 240 \\u0440\\u0443\\u0431","img":"assets\\/img\\/tickets\\/card_5.png","price":"240","color":"blue2"},{"id":"2","name":"\\u041a\\u0430\\u0440\\u0442\\u043e\\u0447\\u043a\\u0430 \\u043d\\u0430 30 \\u0440\\u0443\\u0431","img":"assets\\/img\\/tickets\\/card_2.png","price":"30","color":"green"}]', 1, '0.213284079786321243', '2015-11-24 15:23:09', '2015-11-24 19:26:34'),
(24, 6, 3, 11, 340.00, '2015-11-25 14:58:40', '2015-11-25 14:59:53', '[{"id":"1","name":"\\u041a\\u0430\\u0440\\u0442\\u043e\\u0447\\u043a\\u0430 \\u043d\\u0430 10 \\u0440\\u0443\\u0431","img":"assets\\/img\\/tickets\\/card_1.png","price":"10","color":"blue"},{"id":"4","name":"\\u041a\\u0430\\u0440\\u0442\\u043e\\u0447\\u043a\\u0430 \\u043d\\u0430 120 \\u0440\\u0443\\u0431","img":"assets\\/img\\/tickets\\/card_4.png","price":"120","color":"red"},{"id":"3","name":"\\u041a\\u0430\\u0440\\u0442\\u043e\\u0447\\u043a\\u0430 \\u043d\\u0430 60 \\u0440\\u0443\\u0431","img":"assets\\/img\\/tickets\\/card_3.png","price":"60","color":"purple"},{"id":"2","name":"\\u041a\\u0430\\u0440\\u0442\\u043e\\u0447\\u043a\\u0430 \\u043d\\u0430 30 \\u0440\\u0443\\u0431","img":"assets\\/img\\/tickets\\/card_2.png","price":"30","color":"green"},{"id":"3","name":"\\u041a\\u0430\\u0440\\u0442\\u043e\\u0447\\u043a\\u0430 \\u043d\\u0430 60 \\u0440\\u0443\\u0431","img":"assets\\/img\\/tickets\\/card_3.png","price":"60","color":"purple"},{"id":"1","name":"\\u041a\\u0430\\u0440\\u0442\\u043e\\u0447\\u043a\\u0430 \\u043d\\u0430 10 \\u0440\\u0443\\u0431","img":"assets\\/img\\/tickets\\/card_1.png","price":"10","color":"blue"},{"id":"1","name":"\\u041a\\u0430\\u0440\\u0442\\u043e\\u0447\\u043a\\u0430 \\u043d\\u0430 10 \\u0440\\u0443\\u0431","img":"assets\\/img\\/tickets\\/card_1.png","price":"10","color":"blue"}]', 1, '0.930076465794307475', '2015-11-24 19:27:01', '2015-11-25 14:59:55'),
(25, 1, 3, 23, 1090.00, '2015-11-25 15:46:48', '2015-11-25 15:46:54', '[{"id":"2","name":"\\u041a\\u0430\\u0440\\u0442\\u043e\\u0447\\u043a\\u0430 \\u043d\\u0430 30 \\u0440\\u0443\\u0431","img":"assets\\/img\\/tickets\\/card_2.png","price":"30","color":"green"},{"id":"4","name":"\\u041a\\u0430\\u0440\\u0442\\u043e\\u0447\\u043a\\u0430 \\u043d\\u0430 120 \\u0440\\u0443\\u0431","img":"assets\\/img\\/tickets\\/card_4.png","price":"120","color":"red"},{"id":"5","name":"\\u041a\\u0430\\u0440\\u0442\\u043e\\u0447\\u043a\\u0430 \\u043d\\u0430 240 \\u0440\\u0443\\u0431","img":"assets\\/img\\/tickets\\/card_5.png","price":"240","color":"blue2"},{"id":"1","name":"\\u041a\\u0430\\u0440\\u0442\\u043e\\u0447\\u043a\\u0430 \\u043d\\u0430 10 \\u0440\\u0443\\u0431","img":"assets\\/img\\/tickets\\/card_1.png","price":"10","color":"blue"},{"id":"1","name":"\\u041a\\u0430\\u0440\\u0442\\u043e\\u0447\\u043a\\u0430 \\u043d\\u0430 10 \\u0440\\u0443\\u0431","img":"assets\\/img\\/tickets\\/card_1.png","price":"10","color":"blue"},{"id":"3","name":"\\u041a\\u0430\\u0440\\u0442\\u043e\\u0447\\u043a\\u0430 \\u043d\\u0430 60 \\u0440\\u0443\\u0431","img":"assets\\/img\\/tickets\\/card_3.png","price":"60","color":"purple"},{"id":"1","name":"\\u041a\\u0430\\u0440\\u0442\\u043e\\u0447\\u043a\\u0430 \\u043d\\u0430 10 \\u0440\\u0443\\u0431","img":"assets\\/img\\/tickets\\/card_1.png","price":"10","color":"blue"},{"id":"1","name":"\\u041a\\u0430\\u0440\\u0442\\u043e\\u0447\\u043a\\u0430 \\u043d\\u0430 10 \\u0440\\u0443\\u0431","img":"assets\\/img\\/tickets\\/card_1.png","price":"10","color":"blue"},{"id":"1","name":"\\u041a\\u0430\\u0440\\u0442\\u043e\\u0447\\u043a\\u0430 \\u043d\\u0430 10 \\u0440\\u0443\\u0431","img":"assets\\/img\\/tickets\\/card_1.png","price":"10","color":"blue"},{"id":"1","name":"\\u041a\\u0430\\u0440\\u0442\\u043e\\u0447\\u043a\\u0430 \\u043d\\u0430 10 \\u0440\\u0443\\u0431","img":"assets\\/img\\/tickets\\/card_1.png","price":"10","color":"blue"},{"id":"1","name":"\\u041a\\u0430\\u0440\\u0442\\u043e\\u0447\\u043a\\u0430 \\u043d\\u0430 10 \\u0440\\u0443\\u0431","img":"assets\\/img\\/tickets\\/card_1.png","price":"10","color":"blue"},{"id":"2","name":"\\u041a\\u0430\\u0440\\u0442\\u043e\\u0447\\u043a\\u0430 \\u043d\\u0430 30 \\u0440\\u0443\\u0431","img":"assets\\/img\\/tickets\\/card_2.png","price":"30","color":"green"},{"id":"3","name":"\\u041a\\u0430\\u0440\\u0442\\u043e\\u0447\\u043a\\u0430 \\u043d\\u0430 60 \\u0440\\u0443\\u0431","img":"assets\\/img\\/tickets\\/card_3.png","price":"60","color":"purple"},{"id":"4","name":"\\u041a\\u0430\\u0440\\u0442\\u043e\\u0447\\u043a\\u0430 \\u043d\\u0430 120 \\u0440\\u0443\\u0431","img":"assets\\/img\\/tickets\\/card_4.png","price":"120","color":"red"},{"id":"5","name":"\\u041a\\u0430\\u0440\\u0442\\u043e\\u0447\\u043a\\u0430 \\u043d\\u0430 240 \\u0440\\u0443\\u0431","img":"assets\\/img\\/tickets\\/card_5.png","price":"240","color":"blue2"}]', 1, '0.553349218107014056', '2015-11-25 15:00:23', '2015-11-25 15:46:56'),
(26, NULL, 0, 2, 70.00, '0000-00-00 00:00:00', '0000-00-00 00:00:00', '', 0, '0.225602106917801159', '2015-11-25 15:47:24', '2015-11-25 16:04:50');

-- --------------------------------------------------------

--
-- Структура таблицы `items`
--

CREATE TABLE IF NOT EXISTS `items` (
  `id` int(10) unsigned NOT NULL AUTO_INCREMENT,
  `name` varchar(255) COLLATE utf8_unicode_ci NOT NULL,
  `market_hash_name` varchar(255) COLLATE utf8_unicode_ci NOT NULL,
  `classid` int(11) NOT NULL,
  `rarity` varchar(255) COLLATE utf8_unicode_ci NOT NULL,
  `price` double(8,2) NOT NULL,
  `created_at` timestamp NOT NULL DEFAULT '0000-00-00 00:00:00',
  `updated_at` timestamp NOT NULL DEFAULT '0000-00-00 00:00:00',
  PRIMARY KEY (`id`)
) ENGINE=InnoDB  DEFAULT CHARSET=utf8 COLLATE=utf8_unicode_ci AUTO_INCREMENT=60 ;

--
-- Дамп данных таблицы `items`
--

INSERT INTO `items` (`id`, `name`, `market_hash_name`, `classid`, `rarity`, `price`, `created_at`, `updated_at`) VALUES
(1, 'Оружейный кейс операции «Прорыв»', 'Operation Breakout Weapon Case', 520025252, '', 1.98, '2015-11-17 21:41:22', '2015-11-20 01:36:11'),
(2, 'Хромированный оружейный кейс', 'Chroma Case', 720268538, '', 2.64, '2015-11-17 21:41:22', '2015-11-20 00:48:56'),
(3, 'Оружейный кейс операции «Феникс»', 'Operation Phoenix Weapon Case', 384801319, '', 2.64, '2015-11-17 21:41:22', '2015-11-20 01:42:05'),
(4, 'Galil AR | Смешанный камуфляж', 'Galil AR | VariCamo (Minimal Wear)', 310777085, 'common', 2.60, '2015-11-17 21:41:23', '2015-11-17 21:41:23'),
(5, 'MP7 | Пиксельный камуфляж «Лес»', 'MP7 | Forest DDPAT (Battle-Scarred)', 469467368, 'common', 0.76, '2015-11-17 21:41:23', '2015-11-17 21:41:23'),
(6, 'G3SG1 | Тропическая штриховка', 'G3SG1 | Jungle Dashed (Field-Tested)', 310776580, 'common', 0.76, '2015-11-17 21:41:23', '2015-11-17 21:41:23'),
(7, 'SG 553 | Перфорированные волны', 'SG 553 | Waves Perforated (Field-Tested)', 310777246, 'common', 0.76, '2015-11-17 21:41:24', '2015-11-17 21:41:24'),
(8, 'AWP | Африканская сетка', 'AWP | Safari Mesh (Battle-Scarred)', 310777347, 'common', 28.75, '2015-11-17 21:41:24', '2015-11-17 21:41:24'),
(9, 'Темный кейс', 'Shadow Case', 1293508920, '', 11.10, '2015-11-17 21:41:24', '2015-11-17 21:41:24'),
(10, 'Desert Eagle | Осадок', 'Desert Eagle | Mudder (Minimal Wear)', 310779105, 'common', 4.60, '2015-11-17 21:41:24', '2015-11-17 21:41:24'),
(11, 'UMP-45 | Пиксельный камуфляж «Город»', 'UMP-45 | Urban DDPAT (Field-Tested)', 310776577, 'common', 0.80, '2015-11-17 21:41:25', '2015-11-17 21:41:25'),
(12, 'P90 | Демонтаж', 'P90 | Teardown (Field-Tested)', 310781333, 'milspec', 5.72, '2015-11-17 21:41:25', '2015-11-17 21:41:25'),
(13, 'USP-S | Лесные листья', 'USP-S | Forest Leaves (Battle-Scarred)', 310778545, 'common', 4.08, '2015-11-17 21:41:25', '2015-11-17 21:41:25'),
(14, 'Dual Berettas | Колония', 'Dual Berettas | Colony (Field-Tested)', 310777578, 'common', 0.57, '2015-11-17 21:41:26', '2015-11-17 21:41:26'),
(15, 'Negev | Армейский блеск', 'Negev | Army Sheen (Field-Tested)', 469438307, 'common', 0.76, '2015-11-17 21:41:26', '2015-11-17 21:41:26'),
(16, 'Dual Berettas | Наемник', 'Dual Berettas | Contractor (Field-Tested)', 310776825, 'common', 0.82, '2015-11-17 21:41:26', '2015-11-17 21:41:26'),
(17, 'Кейс «Фальшион»', 'Falchion Case', 991959905, '', 2.64, '2015-11-17 21:41:26', '2015-11-20 01:42:05'),
(18, 'M4A1-S | Северный лес', 'M4A1-S | Boreal Forest (Field-Tested)', 310776726, 'common', 4.91, '2015-11-17 21:41:27', '2015-11-17 21:41:27'),
(19, 'P250 | Пиксельный камуфляж «Металлический»', 'P250 | Metallic DDPAT (Factory New)', 310777393, 'common', 4.05, '2015-11-17 21:41:27', '2015-11-17 21:41:27'),
(20, 'Сувенирный MAC-10 | Индиго', 'Souvenir MAC-10 | Indigo (Field-Tested)', 1365414017, 'common', 14.74, '2015-11-17 21:41:27', '2015-11-17 21:41:27'),
(21, 'P2000 | Пистолет', 'P2000 | Handgun (Field-Tested)', 1011935012, 'restricted', 18.48, '2015-11-18 15:36:34', '2015-11-18 15:36:34'),
(22, 'USP-S | Закрученный', 'USP-S | Torque (Field-Tested)', 1011934384, 'milspec', 11.22, '2015-11-18 15:36:34', '2015-11-18 15:36:34'),
(23, 'StatTrak™ P250 | Валентность', 'StatTrak™ P250 | Valence (Field-Tested)', 937244325, 'milspec', 31.68, '2015-11-18 15:36:35', '2015-11-18 15:36:35'),
(24, 'CZ75-Auto | Тигр', 'CZ75-Auto | Tigris (Field-Tested)', 520026483, 'restricted', 19.80, '2015-11-18 15:36:35', '2015-11-18 15:36:35'),
(25, 'AK-47 | Элитное снаряжение', 'AK-47 | Elite Build (Factory New)', 937252768, 'milspec', 122.76, '2015-11-18 15:36:35', '2015-11-18 15:36:35'),
(26, 'M4A4 | Пиксельный камуфляж «Город»', 'M4A4 | Urban DDPAT (Battle-Scarred)', 310777635, 'common', 5.28, '2015-11-18 15:36:36', '2015-11-18 15:36:36'),
(27, 'USP-S | Закрученный', 'USP-S | Torque (Minimal Wear)', 1011935277, 'milspec', 18.48, '2015-11-18 15:36:36', '2015-11-18 15:36:36'),
(28, 'Наклейка | Team Kinguin | Кёльн 2015', 'Sticker | Team Kinguin | Cologne 2015', 1225722004, '', 15.84, '2015-11-18 15:36:36', '2015-11-18 15:36:36'),
(29, 'M4A1-S | Кровавый тигр', 'M4A1-S | Blood Tiger (Field-Tested)', 310777229, 'milspec', 75.90, '2015-11-18 15:36:36', '2015-11-18 15:36:36'),
(30, 'ПП-19 Бизон | Латунь', 'PP-Bizon | Brass (Minimal Wear)', 310777425, 'milspec', 9.90, '2015-11-18 15:36:37', '2015-11-18 15:36:37'),
(31, 'P250 | Валентность', 'P250 | Valence (Field-Tested)', 937246119, 'milspec', 2.64, '2015-11-18 15:36:37', '2015-11-18 15:36:37'),
(32, 'AK-47 | Элитное снаряжение', 'AK-47 | Elite Build (Field-Tested)', 937248085, 'milspec', 18.48, '2015-11-18 15:36:37', '2015-11-18 15:36:37'),
(33, 'P250 | Северный лес', 'P250 | Boreal Forest (Field-Tested)', 310776570, 'common', 1.98, '2015-11-18 15:36:38', '2015-11-18 15:36:38'),
(34, 'Tec-9 | Грунтовая вода', 'Tec-9 | Groundwater (Field-Tested)', 310777271, 'common', 2.64, '2015-11-18 15:36:38', '2015-11-18 15:36:38'),
(35, 'MP7 | Армейский спецназ', 'MP7 | Army Recon (Field-Tested)', 310776668, 'common', 2.64, '2015-11-18 15:36:39', '2015-11-18 15:36:39'),
(36, 'Tec-9 | Пиксельный камуфляж «Город»', 'Tec-9 | Urban DDPAT (Field-Tested)', 469444882, 'common', 2.64, '2015-11-18 15:36:39', '2015-11-18 15:36:39'),
(37, 'Хромированный кейс #2', 'Chroma 2 Case', 926978479, '', 3.30, '2015-11-18 15:36:39', '2015-11-18 15:36:39'),
(38, 'MP7 | Армейский спецназ', 'MP7 | Army Recon (Well-Worn)', 310779180, 'common', 2.64, '2015-11-18 15:36:40', '2015-11-18 15:36:40'),
(39, 'Glock-18 | Ночь', 'Glock-18 | Night (Well-Worn)', 519990851, 'common', 17.82, '2015-11-18 15:36:40', '2015-11-18 15:36:40'),
(40, 'Nova | Песчаные дюны', 'Nova | Sand Dune (Minimal Wear)', 310776778, 'common', 2.64, '2015-11-18 15:36:40', '2015-11-18 15:36:40'),
(41, 'AUG | Гроза', 'AUG | Storm (Field-Tested)', 310777105, 'common', 2.64, '2015-11-18 15:36:40', '2015-11-18 15:36:40'),
(42, 'SCAR-20 | Наемник', 'SCAR-20 | Contractor (Field-Tested)', 310776840, 'common', 2.64, '2015-11-18 15:36:41', '2015-11-18 15:36:41'),
(43, 'Tec-9 | Армейская сетка', 'Tec-9 | Army Mesh (Minimal Wear)', 310778121, 'common', 1.98, '2015-11-18 15:36:41', '2015-11-18 15:36:41'),
(44, 'Tec-9 | Бамбуковые заросли', 'Tec-9 | Bamboo Forest (Field-Tested)', 992089234, 'common', 7.92, '2015-11-18 15:36:41', '2015-11-18 15:36:41'),
(45, 'MP7 | Броня', 'MP7 | Armor Core (Field-Tested)', 937245046, 'milspec', 5.28, '2015-11-18 15:36:41', '2015-11-18 15:36:41'),
(46, 'P250 | Кимоно цвета мяты', 'P250 | Mint Kimono (Minimal Wear)', 992119730, 'common', 13.20, '2015-11-18 15:36:42', '2015-11-18 15:36:42'),
(47, 'Tec-9 | Армейская сетка', 'Tec-9 | Army Mesh (Field-Tested)', 310777118, 'common', 1.98, '2015-11-18 15:36:42', '2015-11-18 15:36:42'),
(48, 'P250 | Валентность', 'P250 | Valence (Factory New)', 937287842, 'milspec', 22.44, '2015-11-18 15:36:42', '2015-11-18 15:36:42'),
(49, 'MAC-10 | Жар', 'MAC-10 | Heat (Field-Tested)', 360458273, 'restricted', 22.44, '2015-11-18 15:36:43', '2015-11-18 15:36:43'),
(50, 'CZ75-Auto | Поул-позиция', 'CZ75-Auto | Pole Position (Field-Tested)', 937251514, 'restricted', 16.50, '2015-11-18 15:36:43', '2015-11-18 15:36:43'),
(51, 'XM1014 | Вороненая сталь', 'XM1014 | Blue Steel (Minimal Wear)', 310780419, 'common', 3.96, '2015-11-18 15:36:44', '2015-11-18 15:36:44'),
(52, 'ПП-19 Бизон | Ночные операции', 'PP-Bizon | Night Ops (Factory New)', 310776593, 'common', 4.62, '2015-11-18 15:36:44', '2015-11-18 15:36:44'),
(53, 'Tec-9 | Смешанный камуфляж', 'Tec-9 | VariCamo (Factory New)', 310786020, 'common', 6.60, '2015-11-18 15:36:45', '2015-11-18 15:36:45'),
(54, 'P2000 | Пульс', 'P2000 | Pulse (Minimal Wear)', 506856811, 'milspec', 11.22, '2015-11-18 15:36:45', '2015-11-18 15:36:45'),
(55, 'Glock-18 | Карамельное яблоко', 'Glock-18 | Candy Apple (Minimal Wear)', 310777857, 'milspec', 23.76, '2015-11-18 15:36:45', '2015-11-18 15:36:45'),
(56, 'Five-SeveN | Ками', 'Five-SeveN | Kami (Factory New)', 310776983, 'milspec', 26.40, '2015-11-18 15:36:45', '2015-11-18 15:36:45'),
(57, 'Обменник StatTrak™', 'StatTrak™ Swap Tool', 914869806, '', 6.60, '2015-11-24 09:20:10', '2015-11-24 09:20:10'),
(58, 'MP7 | Броня (Прямо с завода)', 'MP7 | Armor Core (Factory New)', 937251962, 'milspec', 3.96, '2015-11-24 09:20:10', '2015-11-24 09:20:10'),
(59, 'ПП-19 Бизон | Песчаная штриховка (После полевых испытаний)', 'PP-Bizon | Sand Dashed (Field-Tested)', 310776558, 'common', 1.98, '2015-11-24 19:24:23', '2015-11-24 19:24:23');

-- --------------------------------------------------------

--
-- Структура таблицы `migrations`
--

CREATE TABLE IF NOT EXISTS `migrations` (
  `migration` varchar(255) COLLATE utf8_unicode_ci NOT NULL,
  `batch` int(11) NOT NULL
) ENGINE=InnoDB DEFAULT CHARSET=utf8 COLLATE=utf8_unicode_ci;

--
-- Дамп данных таблицы `migrations`
--

INSERT INTO `migrations` (`migration`, `batch`) VALUES
('2014_10_12_000000_create_users_table', 1),
('2015_05_04_062612_create_unitpay_table', 1),
('2015_07_01_060921_create_games_table', 1),
('2015_07_01_061009_create_bets_table', 1),
('2015_07_02_130808_create_items_table', 1),
('2015_08_07_224116_update_bets_table', 1),
('2015_08_07_224126_update_users_table', 1),
('2015_08_07_224819_create_tickets_table', 1),
('2015_11_25_093017_base_fields', 2),
('2015_11_25_093143_extends_field_table', 2);

-- --------------------------------------------------------

--
-- Структура таблицы `tickets`
--

CREATE TABLE IF NOT EXISTS `tickets` (
  `id` int(10) unsigned NOT NULL AUTO_INCREMENT,
  `name` varchar(255) COLLATE utf8_unicode_ci NOT NULL,
  `img` varchar(255) COLLATE utf8_unicode_ci NOT NULL,
  `price` double(8,0) NOT NULL,
  `color` varchar(11) COLLATE utf8_unicode_ci NOT NULL,
  PRIMARY KEY (`id`)
) ENGINE=InnoDB  DEFAULT CHARSET=utf8 COLLATE=utf8_unicode_ci AUTO_INCREMENT=6 ;

--
-- Дамп данных таблицы `tickets`
--

INSERT INTO `tickets` (`id`, `name`, `img`, `price`, `color`) VALUES
(1, 'Карточка на 10 руб', 'assets/img/tickets/card_1.png', 10, 'blue'),
(2, 'Карточка на 30 руб', 'assets/img/tickets/card_2.png', 30, 'green'),
(3, 'Карточка на 60 руб', 'assets/img/tickets/card_3.png', 60, 'purple'),
(4, 'Карточка на 120 руб', 'assets/img/tickets/card_4.png', 120, 'red'),
(5, 'Карточка на 240 руб', 'assets/img/tickets/card_5.png', 240, 'blue2');

-- --------------------------------------------------------

--
-- Структура таблицы `unitpay`
--

CREATE TABLE IF NOT EXISTS `unitpay` (
  `id` int(10) unsigned NOT NULL AUTO_INCREMENT,
  `unitpayId` varchar(255) COLLATE utf8_unicode_ci NOT NULL,
  `account` varchar(255) COLLATE utf8_unicode_ci NOT NULL,
  `sum` double(8,2) NOT NULL,
  `itemsCount` int(11) NOT NULL,
  `dateCreate` timestamp NOT NULL DEFAULT '0000-00-00 00:00:00',
  `dateComplete` timestamp NOT NULL DEFAULT '0000-00-00 00:00:00',
  `status` tinyint(4) NOT NULL,
  PRIMARY KEY (`id`)
) ENGINE=InnoDB DEFAULT CHARSET=utf8 COLLATE=utf8_unicode_ci AUTO_INCREMENT=1 ;

-- --------------------------------------------------------

--
-- Структура таблицы `users`
--

CREATE TABLE IF NOT EXISTS `users` (
  `id` int(10) unsigned NOT NULL AUTO_INCREMENT,
  `username` varchar(255) COLLATE utf8_unicode_ci NOT NULL,
  `avatar` varchar(255) COLLATE utf8_unicode_ci NOT NULL,
  `steamid` varchar(255) COLLATE utf8_unicode_ci NOT NULL,
  `steamid64` varchar(255) COLLATE utf8_unicode_ci NOT NULL,
  `trade_link` varchar(255) COLLATE utf8_unicode_ci NOT NULL,
  `accessToken` varchar(255) COLLATE utf8_unicode_ci NOT NULL,
  `money` double(8,0) NOT NULL,
  `votes` int(11) NOT NULL,
  `is_admin` tinyint(1) NOT NULL,
  `is_moderator` tinyint(1) NOT NULL,
  `remember_token` varchar(100) COLLATE utf8_unicode_ci DEFAULT NULL,
  `created_at` timestamp NOT NULL DEFAULT '0000-00-00 00:00:00',
  `updated_at` timestamp NOT NULL DEFAULT '0000-00-00 00:00:00',
  `banchat` int(11) NOT NULL,
  PRIMARY KEY (`id`),
  UNIQUE KEY `users_steamid_unique` (`steamid`),
  UNIQUE KEY `users_steamid64_unique` (`steamid64`)
) ENGINE=InnoDB  DEFAULT CHARSET=utf8 COLLATE=utf8_unicode_ci AUTO_INCREMENT=36 ;

--
-- Дамп данных таблицы `users`
--

INSERT INTO `users` (`id`, `username`, `avatar`, `steamid`, `steamid64`, `trade_link`, `accessToken`, `money`, `votes`, `is_admin`, `is_moderator`, `remember_token`, `created_at`, `updated_at`, `banchat`) VALUES
(1, 'unknQwN', 'https://steamcdn-a.akamaihd.net/steamcommunity/public/images/avatars/6e/6ec6a32759257b114badf660c9154b9418cb0afc_full.jpg', 'STEAM_0:0:57127670', '76561198074521068', 'https://steamcommunity.com/tradeoffer/new/?partner=114255340&token=I_WvidvA', 'I_WvidvA', 36495, 2, 0, 0, 'KYDw8R8Duez94yO7e4Kr0rmleNkSMG5e4nnIcyhmE27730AbNlUoshruoVTI', '2015-11-17 21:25:53', '2015-11-25 16:04:51', 0),
(2, 'MINIMAL HARD-LUCKY', 'https://steamcdn-a.akamaihd.net/steamcommunity/public/images/avatars/da/da2c7c948d2c051675d527009968de805da5376a_full.jpg', 'STEAM_0:1:78247045', '76561198116759819', 'https://steamcommunity.com/tradeoffer/new/?partner=208352743&token=cp4IZyqv', 'cp4IZyqv', 4507, 2, 0, 0, 'WrD1gknO7e5VQD7J7LntLZHBJLguDy7bEW5rmDEcPwzCDk8HwBSFvMflWNpV', '2015-11-17 21:42:13', '2015-11-24 09:54:45', 0),
(3, 'Frezz''y - LOTCS.RU', 'https://steamcdn-a.akamaihd.net/steamcommunity/public/images/avatars/fc/fc8a7a6a4beb4d95ea4bb2b202f3f358577bb728_full.jpg', 'STEAM_0:1:110238597', '76561198180742923', '', '', 0, 0, 0, 0, '6bbMva01x9frbmDfLzqZ94ByT5695yaXiYesVj24WMzkp6j1Fk07rmcnlEkI', '2015-11-20 03:21:05', '2015-11-20 03:21:05', 0),
(4, 'hristofor.xxxx', 'https://steamcdn-a.akamaihd.net/steamcommunity/public/images/avatars/32/3209ae12003a7b0c8ddbc18c9a21cfbe00a14bd7_full.jpg', 'STEAM_0:0:130153234', '76561198220572196', 'https://steamcommunity.com/tradeoffer/new/?partner=260306468&token=J5Te9KOS', 'J5Te9KOS', 0, 0, 0, 0, 'leWqtmoK0ADukRccXv5kMbbVCTpBvFdnM89FwehA3PVhmXh0gaE8XGdqFDjl', '2015-11-20 03:28:47', '2015-11-24 15:20:05', 0),
(5, 'RANDOM-RU.RU', 'https://steamcdn-a.akamaihd.net/steamcommunity/public/images/avatars/47/47a355c63a9b6d85ca0e5d32df3530fba0195ba3_full.jpg', 'STEAM_0:1:126427297', '76561198213120323', '', '', 0, 0, 0, 0, 'U9FxpK43wxa0LbJsp4zkpWiz9wJeIDyGoZ0FANlifIWjrTHMlxBrRAFd0zNE', '2015-11-20 03:38:19', '2015-11-20 03:38:19', 0),
(6, 'ClutchMeister?!♥....', 'https://steamcdn-a.akamaihd.net/steamcommunity/public/images/avatars/80/8084c560967c7ccecb3a8bba93084c93a9c3a1be_full.jpg', 'STEAM_0:1:70098357', '76561198100462443', 'https://steamcommunity.com/tradeoffer/new/?partner=140196715&token=2zX00xE-', '2zX00xE-', 39874, 1, 0, 0, 'gVB0dBitytPcpI63IcJEDjbc2pOfAZ5h856mebHU0ajZpCov27MTnTsyDbi9', '2015-11-20 04:07:59', '2015-11-25 15:44:20', 0),
(7, 'Flying Pig', 'https://steamcdn-a.akamaihd.net/steamcommunity/public/images/avatars/3c/3ce7fd0c1a5225790d67d90d4f1e60d2d29d2037_full.jpg', 'STEAM_0:0:48913968', '76561198058093664', '', '', 0, 0, 0, 0, 'uaVuAuy3xidKhNNk3GUFSUQzLKHemdf6JL3bxVUuZQysDcH9j6HeC2hRxK5e', '2015-11-20 04:31:24', '2015-11-20 04:31:24', 0),
(8, 'Мистер неудачник.', 'https://steamcdn-a.akamaihd.net/steamcommunity/public/images/avatars/e6/e69a9179ef89cd90110f741731d438284219ba8e_full.jpg', 'STEAM_0:1:106012346', '76561198172290421', '', '', 0, 0, 0, 0, 'pdrc3Rp0WbXppfYjSMrQHCm5msk0mk5kkiJkvuC5OEMoNXLSbWdxXZgbIPL7', '2015-11-20 04:33:22', '2015-11-20 04:33:22', 0),
(9, 'CSGO-FATE.RU', 'https://steamcdn-a.akamaihd.net/steamcommunity/public/images/avatars/0e/0ee104e54314f563da45f46f71df6be9ddd3897c_full.jpg', 'STEAM_0:0:83534853', '76561198127335434', '', '', 0, 0, 0, 0, 'Eip5Pp6h5Exuw5VjyC7lAB7MQQKsK1pRIJ00u1XqRQx1ODrQNPdD4KP0sP4q', '2015-11-20 09:09:30', '2015-11-20 09:21:29', 0),
(10, 'Skrillex24rus CS2FAST.RU', 'https://steamcdn-a.akamaihd.net/steamcommunity/public/images/avatars/b1/b13dc33fe19fba0e32875bc0cef23d43977ea7c8_full.jpg', 'STEAM_0:1:93238875', '76561198146743479', '', '', 0, 0, 0, 0, 'aqyJS0NP0w5iXiU8xCwPnTln78L5Fs6rCkmuD6Twx079No7PNRPQmF1HRt8j', '2015-11-20 09:18:37', '2015-11-20 09:18:37', 0),
(11, '1nject10n', 'https://steamcdn-a.akamaihd.net/steamcommunity/public/images/avatars/93/932e87e6d05e038061328154868bab4865fdf969_full.jpg', 'STEAM_0:0:135303972', '76561198230873672', '', '', 0, 0, 0, 0, 'Q4yHxA7frtb2C32haIidJKIFEFUXlNaImPBMojBQF70h1RF1ftH2l2xghaca', '2015-11-20 09:21:52', '2015-11-20 09:22:43', 0),
(12, 'WH0AMI CSGOPULSE.RU', 'https://steamcdn-a.akamaihd.net/steamcommunity/public/images/avatars/fc/fcabe959ab4281aa0eb3301baa4753178891dab1_full.jpg', 'STEAM_0:1:79537805', '76561198119341339', '', '', 0, 0, 0, 0, 'Z5dzqQji4xceCov654iPWxBo2tykQ0afewiV9elAngdxONLAjXkZjzhvQx1e', '2015-11-24 06:18:40', '2015-11-24 06:18:40', 0),
(13, 'WOLK CS-EZ.COM', 'https://steamcdn-a.akamaihd.net/steamcommunity/public/images/avatars/3d/3db0919be2ec4bf413af2b8b3c316b74c4af378b_full.jpg', 'STEAM_0:0:32706419', '76561198025678566', 'https://steamcommunity.com/tradeoffer/new/?partner=65412838&token=2r9QABo5', '2r9QABo5', 12672, 1, 0, 0, '6ZgJQBUlib3oEYtTb3l1JYLzNRSKCurGjgLr8KJbZy9OxP3TNkXwxiIBypuo', '2015-11-24 08:39:56', '2015-11-25 02:22:37', 0),
(14, '[BOT]CSGO-BOOM.RU', 'https://steamcdn-a.akamaihd.net/steamcommunity/public/images/avatars/aa/aabfb3283d4f5e8aa49b8001d9f99ac44e94c0c4_full.jpg', 'STEAM_0:0:77258525', '76561198114782778', '', '', 0, 0, 0, 0, '9aC1wpAPgucaJxlOTITrwTGjH5uirrKupzpDObogkyvMWuwqG42n4Rn57esW', '2015-11-24 08:58:16', '2015-11-24 14:14:20', 0),
(15, 'Bogdan | CSGO-B.RU', 'https://steamcdn-a.akamaihd.net/steamcommunity/public/images/avatars/68/68ed1fe9d36ff440eac3e44f5693078f5f9046ac_full.jpg', 'STEAM_0:1:114675194', '76561198189616117', '', '', 0, 0, 0, 0, 'PZiZ8GYY51FlpI4b2RorvJIGkNDoQ0chVBsc1VWryKop5k8YHlHI8HVjZrAW', '2015-11-24 09:57:47', '2015-11-24 09:57:47', 0),
(16, 'Fanya2H EasyCache.RU', 'https://steamcdn-a.akamaihd.net/steamcommunity/public/images/avatars/f8/f8b7ce2e296cf21fd43060bd634c47292932f96f_full.jpg', 'STEAM_0:1:86766296', '76561198133798321', '', '', 0, 0, 0, 0, 'Mv6Tmu45Y8REImMT95qOvpvWgSxfXDVS0JqdW5dF4nLerEDDaZGEefCBI6Y5', '2015-11-24 10:08:44', '2015-11-24 10:08:44', 0),
(17, 'orangeboxes.ru BOT #1', 'https://steamcdn-a.akamaihd.net/steamcommunity/public/images/avatars/cd/cdaaee979b0aff29c0b1bf2c5c6d06bdd9b9d238_full.jpg', 'STEAM_0:0:69592869', '76561198099451466', '', '', 0, 0, 0, 0, 'OyqsEeXrPtncPUhXXScDczcxnSjVqwfvhCbntu5wnUi8NV9QCMWhLiss4BLS', '2015-11-24 17:18:51', '2015-11-24 18:37:16', 0),
(18, 'Eminem', 'https://steamcdn-a.akamaihd.net/steamcommunity/public/images/avatars/54/540262040aeac847bfa7a56260ab7b2375c40300_full.jpg', 'STEAM_0:1:147168222', '76561198254602173', '', '', 0, 0, 0, 0, 'wmZDtYfpJodnLxCBY3nHC2CdXAW3qAtUdYhFNOzJFenfYuepSqNNPTQVS4n1', '2015-11-24 17:56:49', '2015-11-24 17:56:49', 0),
(19, 'pfff', 'https://steamcdn-a.akamaihd.net/steamcommunity/public/images/avatars/fa/fa5077355deeadd2e523b05c343d0021244a8018_full.jpg', 'STEAM_0:1:22182859', '76561198004631447', 'https://steamcommunity.com/tradeoffer/new/?partner=44365719&token=XZ23Ih19', 'XZ23Ih19', 0, 1, 0, 0, 'bScOgKVAGBSxKKDfMQLMS6cqhVCe0vE6Ia42CyIwANGPVXzfvD8cSVqQMX5A', '2015-11-24 17:59:12', '2015-11-24 19:40:37', 0),
(20, 'keegean orangeboxes.ru', 'https://steamcdn-a.akamaihd.net/steamcommunity/public/images/avatars/1e/1eb2aeddaf4732d4a2cd75351db20bf9d869a50a_full.jpg', 'STEAM_0:0:103213535', '76561198166692798', '', '', 0, 0, 0, 0, 'jzQzCqT8Jt4Af5ydigzsl38SFYNW01y0zbxjbVJEu6VssvaZhSzlj3foiZAl', '2015-11-24 18:37:26', '2015-11-24 18:37:26', 0),
(21, 'Адзуса', 'https://steamcdn-a.akamaihd.net/steamcommunity/public/images/avatars/a1/a1b30ad8cb921da9b84f8038323bb02142e89937_full.jpg', 'STEAM_0:0:150743149', '76561198261752026', '', '', 0, 0, 0, 0, 'WniM1ppQQec4eOknfggf1v0YfZ11zFREdkHWcAUwh7NIc5F83GZftdKD5F51', '2015-11-24 19:03:57', '2015-11-24 19:03:57', 0),
(22, '94796', 'https://steamcdn-a.akamaihd.net/steamcommunity/public/images/avatars/13/1364264522be9f077a3bae04a1a14a839c2d8ed9_full.jpg', 'STEAM_0:1:124693110', '76561198209651949', '', '', 0, 0, 0, 0, '1jFudzqiFK8JbZuiWiEQZo2hqO0qqGmyQLrm0q87kaSwHARFhS6d089Af7qh', '2015-11-25 02:15:04', '2015-11-25 02:15:04', 0),
(23, 'DaspeR CSGO-EZPZ.RU', 'https://steamcdn-a.akamaihd.net/steamcommunity/public/images/avatars/91/9137011d22038eaf8a00d8abc04a8a5fda38e587_full.jpg', 'STEAM_0:0:18820530', '76561197997906788', '', '', 0, 0, 0, 0, 'tbgLhYLJxSZu4vAb9NPDHiaGuRI7rogzvjnuQqyXHn3K707SsbCzByEDxPbX', '2015-11-25 03:35:59', '2015-11-25 03:35:59', 0),
(24, 'hYYPER(); :> ♥ WANT-SKINS.RU', 'https://steamcdn-a.akamaihd.net/steamcommunity/public/images/avatars/f1/f12ac21c99c15f11ffd15175256893d6cfce1e32_full.jpg', 'STEAM_0:1:13075905', '76561197986417539', '', '', 0, 0, 0, 0, 'lHhyDtAyogD1DqaWg4X7QUJjESlMJKCRP2HeGJapu2WtPHLzt3JDjrtWaUOB', '2015-11-25 03:47:38', '2015-11-25 03:47:38', 0),
(25, 'Asgg UTOPIACSGO.RU', 'https://steamcdn-a.akamaihd.net/steamcommunity/public/images/avatars/e4/e49139aa6b9ec73cb0ef4052b1fc38e6f6374d31_full.jpg', 'STEAM_0:1:59346911', '76561198078959551', '', '', 0, 0, 0, 0, 'FVflEDGdGmZG1dy81cTry3UalUir03Sx4NWbw3IOZCoRKKE9eARUC4owkFyE', '2015-11-25 08:56:08', '2015-11-25 08:56:08', 0),
(26, 'TroY', 'https://steamcdn-a.akamaihd.net/steamcommunity/public/images/avatars/26/2668030d8cf97d92d9c6bd289c65f257b3b6dd73_full.jpg', 'STEAM_0:1:88576827', '76561198137419383', '', '', 0, 0, 0, 0, '7A9QSb7QUYWuGKv4gRKuk15vG802HldqxDWN4zloEChGjiDMt3H1PqkXe5nX', '2015-11-25 10:18:53', '2015-11-25 10:18:53', 0),
(27, 'L1nkoR [♥]', 'https://steamcdn-a.akamaihd.net/steamcommunity/public/images/avatars/b6/b6301b878d597b8ab358cff9f6ea94c23608c167_full.jpg', 'STEAM_0:1:81999880', '76561198124265489', '', '', 0, 0, 0, 0, 'VCayeNBk3uggX7VsL0bLkSsxav4845avR8BY3EF3dabzpKf0z8Lg28zUjlyU', '2015-11-25 14:28:59', '2015-11-25 14:28:59', 0),
(28, 'Sega#Proshnik', 'https://steamcdn-a.akamaihd.net/steamcommunity/public/images/avatars/61/617fca554f787da5d234f573c9bd8b2cfa496e9d_full.jpg', 'STEAM_0:0:136256230', '76561198232778188', '', '', 0, 0, 0, 0, '2TYkCrj7Xl236D83DYsLAwZCMD6og9nhaxTycP7Nl5Mpyp8VNUKnDiSnwSAg', '2015-11-25 16:48:35', '2015-11-25 16:48:35', 0),
(29, '404heah', 'https://steamcdn-a.akamaihd.net/steamcommunity/public/images/avatars/7f/7f149cfd0682b30618e023aeb3653909ef86f4e9_full.jpg', 'STEAM_0:0:74438140', '76561198109142008', '', '', 0, 0, 0, 0, 'MJ4lWr7FulFpOOJ7ZzFzT5CDg18BPdUsSA8lzQtZrJH1k7pqqmZaaQ2fR5kM', '2015-11-25 18:11:14', '2015-11-25 18:11:14', 0),
(30, 'Макс', 'https://steamcdn-a.akamaihd.net/steamcommunity/public/images/avatars/78/78edce2cd9a5eae3770716c287c46eb297b8fc7b_full.jpg', 'STEAM_0:1:119461186', '76561198199188101', '', '', 0, 0, 0, 0, 'vZgniziDu3wpk7Ev3dDr1eKFaxpHy49RgPhjvXLKtu7o9fhNZyIr92xnsAEu', '2015-11-25 19:00:33', '2015-11-25 19:00:33', 0),
(31, 'Dimitryi', 'https://steamcdn-a.akamaihd.net/steamcommunity/public/images/avatars/fe/fef49e7fa7e1997310d705b2a6158ff8dc1cdfeb_full.jpg', 'STEAM_0:1:31908141', '76561198024082011', '', '', 0, 0, 0, 0, 'Qhax0CFpqUDIsYQTI4UmT4aOQtfoZuK6LNjakzvhluMSRhUFLyqytc35fy9u', '2015-11-25 22:34:39', '2015-11-25 22:34:39', 0),
(32, 'BOT #1 fast-lottery.ru', 'https://steamcdn-a.akamaihd.net/steamcommunity/public/images/avatars/c1/c1d64079820d880607dfba37956cd7aa9e63f1fb_full.jpg', 'STEAM_0:0:105696901', '76561198171659530', '', '', 0, 0, 0, 0, 'w93hDnjAQQODuRdcnGf7oJF7h6byVrSPiwklAVfYSbkycE5rYtq3IKIzSHUL', '2015-11-26 01:02:07', '2015-11-26 01:02:07', 0),
(33, 'zNt`', 'https://steamcdn-a.akamaihd.net/steamcommunity/public/images/avatars/a8/a86d6ec457141cb6a1d881c62b527b347684bd19_full.jpg', 'STEAM_0:1:89703349', '76561198139672427', 'https://steamcommunity.com/tradeoffer/new/?partner=179406699&token=qSfvTBcf', 'qSfvTBcf', 0, 0, 0, 0, 'LK5BWyNVuoogq4ItREdIES3I2bzMJMDn7KmJtaahVbFhSl5DHrvpLGZbWJ2u', '2015-11-26 01:28:44', '2015-11-26 02:11:07', 0),
(34, 'coderteamby', 'https://steamcdn-a.akamaihd.net/steamcommunity/public/images/avatars/eb/ebdafa4c942009d583f8409952323fcf880ec214_full.jpg', 'STEAM_0:1:20976190', '76561198002218109', '', '', 0, 0, 0, 0, 'Y0sWRVt348HTgGPU81udaAHprkRrHf20Xl5z394wrO2QLG4LDCfb0ayYU10d', '2015-11-26 02:18:03', '2015-11-26 02:18:03', 0),
(35, 'MeDuSa | CSGO-CASH.COM', 'https://steamcdn-a.akamaihd.net/steamcommunity/public/images/avatars/bf/bf2ff4a953d7fcb29c736d6ca612b466631d8f8b_full.jpg', 'STEAM_0:1:129184278', '76561198218634285', '', '', 0, 0, 0, 0, 'ex5ArPF1gS9fCGXSYOLnXJIh7TcVsU7vf4foWo7Y0jpr1YRwGo5FzHofB5ww', '2015-11-26 05:30:15', '2015-11-26 05:30:15', 0);

--
-- Ограничения внешнего ключа сохраненных таблиц
--

--
-- Ограничения внешнего ключа таблицы `bets`
--
ALTER TABLE `bets`
  ADD CONSTRAINT `bets_game_id_foreign` FOREIGN KEY (`game_id`) REFERENCES `games` (`id`) ON DELETE CASCADE,
  ADD CONSTRAINT `bets_user_id_foreign` FOREIGN KEY (`user_id`) REFERENCES `users` (`id`) ON DELETE CASCADE;

--
-- Ограничения внешнего ключа таблицы `games`
--
ALTER TABLE `games`
  ADD CONSTRAINT `games_winner_id_foreign` FOREIGN KEY (`winner_id`) REFERENCES `users` (`id`) ON DELETE CASCADE;

/*!40101 SET CHARACTER_SET_CLIENT=@OLD_CHARACTER_SET_CLIENT */;
/*!40101 SET CHARACTER_SET_RESULTS=@OLD_CHARACTER_SET_RESULTS */;
/*!40101 SET COLLATION_CONNECTION=@OLD_COLLATION_CONNECTION */;
